""
"CID","TERM","SUBJ","CRSE","SEC","UNITS"
"97830","200906","ABC","107","1","4"
""
"INSTRUCTOR(S)","TYPE","DAYS","TIME","BUILD","ROOM"
"Diaz, Michelle H.","Lecture","MTW","9:00 AM - 10:40 AM","LH1","66"
"","Discussion","W","2:10 PM - 3:50 PM","TB3","111"
""
"SEAT","SID","SURNAME","PREFNAME","LEVEL","UNITS","CLASS","MAJOR","GRADE","STATUS","EMAIL"
"1","502169724","Kelley","Sofia","UG","4","SR","OTH7","A","RE","sofia.s.kelley@fakeu.edu"
"2","843700774","Mendez","Madison","UG","4","SR","OTH7","B","RE","madison.j.mendez@fakeu.edu"
"3","613016366","Larson","Samuel","UG","4","SR","OT40","B","RE","samuel.j.larson@fakeu.edu"
"4","517640489","Allen","Jason","UG","4","SR","ABC2","A-","RE","jason.j.allen@fakeu.edu"
"5","737556795","Foley","Destiny","UG","4","SR","ABC2","A-","RE","destiny.n.foley@fakeu.edu"
"6","408780644","Walker","Aubrey","UG","4","SR","O224","D","RE","aubrey.a.walker@fakeu.edu"
"7","700201474","Wells","Jose","UG","4","SR","ABC1","A","RE","jose.v.wells@fakeu.edu"
"8","653892590","Harris","Ryan","UG","4","SR","OTH7","A-","RE","ryan.a.harris@fakeu.edu"
"9","368098637","Snyder","Emily","UG","4","SR","ABC1","C-","RE","emily.a.snyder@fakeu.edu"
"10","183387252","Norman","Adrian","UG","4","SR","ABC1","A","RE","adrian.b.norman@fakeu.edu"
"11","331718987","Bradshaw","Lily","UG","4","JR","ABC2","B","RE","lily.a.bradshaw@fakeu.edu"
"12","722510470","Williams","Tyler","UG","4","JR","ABC1","A-","RE","tyler.s.williams@fakeu.edu"
"13","652809704","Erickson","Melanie","UG","4","JR","ABC1","B","RE","melanie.b.erickson@fakeu.edu"
"14","863801260","Smith","Kaylee","UG","4","SR","ABC1","C+","RE","kaylee.a.smith@fakeu.edu"
"15","781564117","Gutierrez","Valeria","UG","4","JR","ABC1","C+","RE","valeria.a.gutierrez@fakeu.edu"
"16","198296050","Boyd","Giovanni","UG","4","JR","ABC1","A","RE","giovanni.r.boyd@fakeu.edu"
"17","249437931","Trevino","Sophia","UG","4","JR","ABC1","A","RE","sophia.l.trevino@fakeu.edu"
"18","375418421","Frank","Abigail","UG","4","SO","DEF2","F","RE","abigail.m.frank@fakeu.edu"
"19","414290067","Nichols","Aaron","UG","4","SO","ABC1","I","RE","aaron.n.nichols@fakeu.edu"
"20","460970212","Floyd","Andres","UG","4","SO","ABC1","C+","RE","andres.b.floyd@fakeu.edu"
"21","664258419","Buck","Sophie","UG","4","SO","ABC1","B-","RE","sophie.d.buck@fakeu.edu"
"22","878559727","Robles","Faith","UG","4","SO","ABC1","B+","RE","faith.a.robles@fakeu.edu"
"23","779571869","Tran","Natalia","UG","4","SR","DEF2","A","RE","natalia.j.tran@fakeu.edu"
"24","469852452","Stephens","Alex","UG","4","SR","ABC1","A+","RE","alex.l.stephens@fakeu.edu"
"25","270764740","Harris","Dominic","UG","4","FR","ABC1","A","RE","dominic.h.harris@fakeu.edu"
"26","392106228","Barber","Jasmine","UG","4","SO","ABC2","F","RE","jasmine.a.barber@fakeu.edu"
"27","488787290","Anderson","Andres","UG","4","JR","ABC2","D","RE","andres.b.anderson@fakeu.edu"
"28","204064664","Santos","Ayden","UG","4","SR","ABC1","A-","RE","ayden.b.santos@fakeu.edu"
"29","875578284","James","Isabella","UG","4","FR","DEF1","F","RE","isabella.m.james@fakeu.edu"
"30","455627450","Reynolds","Amy","UG","4","JR","ABC1","A","RE","amy.n.reynolds@fakeu.edu"
"31","642061867","Lindsay","Diego","UG","4","SO","DEF2","A","RE","diego.j.lindsay@fakeu.edu"
"32","695743343","Murphy","Matthew","UG","4","JR","ABC2","B","RE","matthew.j.murphy@fakeu.edu"
"33","183372514","Davis","Joshua","UG","4","SO","ABC2","B","RE","joshua.j.davis@fakeu.edu"
"34","636990582","Allen","Luis","ND","4","ND","OTH2","A","RE","luis.j.allen@fakeu.edu"
"35","999358525","Davis","Leah","UG","4","SO","OTH8","F","RE","leah.g.davis@fakeu.edu"
"36","918676889","Jackson","Emily","UG","4","JR","OT62","A-","RE","emily.a.jackson@fakeu.edu"
"37","673796355","Byrd","Kayla","UG","4","JR","ABC1","A-","RE","kayla.c.byrd@fakeu.edu"
"38","822455379","Barry","Elizabeth","UG","4","SR","ABC2","B","RE","elizabeth.o.barry@fakeu.edu"
"39","956368138","George","Luke","UG","4","JR","ABC2","A-","RE","luke.l.george@fakeu.edu"
"40","640529635","Mcfadden","Isabella","UG","4","SO","ABC1","A-","RE","isabella.j.mcfadden@fakeu.edu"
""
"CID","TERM","SUBJ","CRSE","SEC","UNITS"
"38318","200906","ABC","108","1","4"
""
"INSTRUCTOR(S)","TYPE","DAYS","TIME","BUILD","ROOM"
"White, Jose E.","Discussion","T","8:20 AM - 9:59 AM","LH1","90"
"","Lecture","TWR","10:00 AM - 11:40 AM","LH1","90"
""
"SEAT","SID","SURNAME","PREFNAME","LEVEL","UNITS","CLASS","MAJOR","GRADE","STATUS","EMAIL"
"1","779571869","Tran","Natalia","UG","4","SR","DEF2","A","RE","natalia.j.tran@fakeu.edu"
"2","979608492","Davis","Levi","UG","4","SR","OT42","A","RE","levi.g.davis@fakeu.edu"
"3","386215341","Bauer","Victor","UG","4","SR","DEF1","C","RE","victor.e.bauer@fakeu.edu"
"4","588550093","Martinez","Lily","UG","4","SR","O240","A-","RE","lily.z.martinez@fakeu.edu"
"5","623613295","Griffin","Savannah","UG","4","SR","O108","B-","RE","savannah.j.griffin@fakeu.edu"
"6","408732850","Soto","Thomas","UG","4","SR","O244","F","RE","thomas.a.soto@fakeu.edu"
"7","321438503","Rios","Valerie","UG","4","SR","DEF2","A+","RE","valerie.v.rios@fakeu.edu"
"8","707888607","Marshall","Sebastian","UG","4","SR","ABC1","B","RE","sebastian.s.marshall@fakeu.edu"
"9","522896483","Graham","Jayden","UG","4","SR","O160","B+","RE","jayden.a.graham@fakeu.edu"
"10","665641340","Fox","David","UG","4","SR","DEF2","C","RE","david.a.fox@fakeu.edu"
"11","695408097","Sampson","Ethan","UG","4","SR","OT68","A+","RE","ethan.d.sampson@fakeu.edu"
"12","597204290","Davis","Amy","UG","4","JR","OT35","F","RE","amy.j.davis@fakeu.edu"
"13","172288440","Hall","Eric","UG","4","JR","ABC1","F","RE","eric.k.hall@fakeu.edu"
"14","170153256","Dean","David","UG","4","JR","ABC2","B+","RE","david.k.dean@fakeu.edu"
"15","967852077","Mccoy","Christopher","UG","4","JR","DEF2","B","RE","christopher.z.mccoy@fakeu.edu"
"16","386636246","Lowe","Isaiah","UG","4","JR","ABC1","A","RE","isaiah.k.lowe@fakeu.edu"
"17","930539072","Garcia","Jackson","UG","4","JR","ABC2","B+","RE","jackson.g.garcia@fakeu.edu"
"18","744093918","Lynch","Allison","UG","4","JR","ABC2","C","RE","allison.s.lynch@fakeu.edu"
"19","662440090","Hernandez","Caleb","UG","4","JR","ABC2","A-","RE","caleb.e.hernandez@fakeu.edu"
"20","198600234","Cole","Bryan","UG","4","JR","ABC2","F","RE","bryan.r.cole@fakeu.edu"
"21","900098095","Buckley","Katherine","UG","4","JR","DEF1","A-","RE","katherine.k.buckley@fakeu.edu"
"22","724652801","Leon","Brandon","UG","4","JR","ABC2","B+","RE","brandon.e.leon@fakeu.edu"
"23","629391416","Jordan","Noah","UG","4","SO","ABC1","F","RE","noah.j.jordan1@fakeu.edu"
"24","561585873","Johnson","Valerie","UG","4","SR","OTH7","B","RE","valerie.j.johnson@fakeu.edu"
"25","636519862","Green","Ethan","ND","4","ND","OTH2","F","RE","ethan.n.green@fakeu.edu"
"26","667809927","Petersen","Alex","UG","4","SR","OT68","C","RE","alex.x.petersen@fakeu.edu"
"27","984990833","Dixon","Olivia","UG","4","JR","OT42","B","RE","olivia.a.dixon@fakeu.edu"
"28","157231308","Lewis","Joshua","UG","4","JR","DEF1","F","RE","joshua.c.lewis@fakeu.edu"
"29","165728686","Gonzalez","Jonathan","UG","4","FR","ABC1","F","RE","jonathan.s.gonzalez@fakeu.edu"
"30","919042300","Gardner","John","UG","4","SR","ABC1","A-","RE","john.s.gardner@fakeu.edu"
"31","410614761","Hill","Sophia","UG","4","SR","ABC1","B+","RE","sophia.a.hill@fakeu.edu"
"32","559632088","Johnson","Ava","UG","4","JR","DEF2","A","RE","ava.r.johnson@fakeu.edu"
"33","262504229","Stone","Jonathan","UG","4","SR","DEF1","A","RE","jonathan.a.stone@fakeu.edu"
"34","896517601","Burgess","Daniel","UG","4","SR","OT64","F","RE","daniel.n.burgess@fakeu.edu"
"35","290684901","Brooks","Aaron","UG","4","JR","DEF1","A-","RE","aaron.l.brooks@fakeu.edu"
"36","264760277","Carlson","Mia","UG","4","SO","DEF2","F","RE","mia.c.carlson@fakeu.edu"
"37","399793922","Walker","Noah","UG","4","JR","O130","D","RE","noah.j.walker@fakeu.edu"
"38","838019228","Buckner","Steven","UG","4","SR","O244","F","RE","steven.h.buckner@fakeu.edu"
"39","577212120","Carter","Mia","UG","4","SR","O108","F","RE","mia.a.carter@fakeu.edu"
"40","167449062","Williams","Logan","UG","4","SO","OT26","D","RE","logan.s.williams@fakeu.edu"
"41","159323026","Williams","Aiden","UG","4","SR","O160","F","RE","aiden.l.williams@fakeu.edu"
""
"CID","TERM","SUBJ","CRSE","SEC","UNITS"
"45032","200906","ABC","112","0","1.000 - 5.000"
""
"INSTRUCTOR(S)","TYPE","DAYS","TIME","BUILD","ROOM"
"","Internship","","","",""
""
"SEAT","SID","SURNAME","PREFNAME","LEVEL","UNITS","CLASS","MAJOR","GRADE","STATUS","EMAIL"
""
"CID","TERM","SUBJ","CRSE","SEC","UNITS"
"94167","200906","ABC","112","1","1.000 - 5.000"
""
"INSTRUCTOR(S)","TYPE","DAYS","TIME","BUILD","ROOM"
"","Internship","","","",""
""
"SEAT","SID","SURNAME","PREFNAME","LEVEL","UNITS","CLASS","MAJOR","GRADE","STATUS","EMAIL"
"1","602918749","Williams","Gabriel","ND","1","ND","O253","P","RE","gabriel.k.williams@fakeu.edu"
""
"CID","TERM","SUBJ","CRSE","SEC","UNITS"
"19003","200906","ABC","112","2","1.000 - 5.000"
""
"INSTRUCTOR(S)","TYPE","DAYS","TIME","BUILD","ROOM"
"Perry, Katherine V.","Internship","","","",""
""
"SEAT","SID","SURNAME","PREFNAME","LEVEL","UNITS","CLASS","MAJOR","GRADE","STATUS","EMAIL"
""
"CID","TERM","SUBJ","CRSE","SEC","UNITS"
"74663","200906","ABC","113","0","1.000 - 5.000"
""
"INSTRUCTOR(S)","TYPE","DAYS","TIME","BUILD","ROOM"
"","Variable","","","",""
""
"SEAT","SID","SURNAME","PREFNAME","LEVEL","UNITS","CLASS","MAJOR","GRADE","STATUS","EMAIL"
""
"CID","TERM","SUBJ","CRSE","SEC","UNITS"
"78937","200906","ABC","113","1","1.000 - 5.000"
""
"INSTRUCTOR(S)","TYPE","DAYS","TIME","BUILD","ROOM"
"","Variable","","","",""
""
"SEAT","SID","SURNAME","PREFNAME","LEVEL","UNITS","CLASS","MAJOR","GRADE","STATUS","EMAIL"
""
"CID","TERM","SUBJ","CRSE","SEC","UNITS"
"88258","200906","ABC","113","2","1.000 - 5.000"
""
"INSTRUCTOR(S)","TYPE","DAYS","TIME","BUILD","ROOM"
"Perry, Katherine V.","Variable","","","",""
""
"SEAT","SID","SURNAME","PREFNAME","LEVEL","UNITS","CLASS","MAJOR","GRADE","STATUS","EMAIL"
""
"CID","TERM","SUBJ","CRSE","SEC","UNITS"
"91599","200906","ABC","114","0","1.000 - 5.000"
""
"INSTRUCTOR(S)","TYPE","DAYS","TIME","BUILD","ROOM"
"","Variable","","","",""
""
"SEAT","SID","SURNAME","PREFNAME","LEVEL","UNITS","CLASS","MAJOR","GRADE","STATUS","EMAIL"
""
"CID","TERM","SUBJ","CRSE","SEC","UNITS"
"10412","200906","ABC","114","1","1.000 - 5.000"
""
"INSTRUCTOR(S)","TYPE","DAYS","TIME","BUILD","ROOM"
"","Variable","","","",""
""
"SEAT","SID","SURNAME","PREFNAME","LEVEL","UNITS","CLASS","MAJOR","GRADE","STATUS","EMAIL"
""
"CID","TERM","SUBJ","CRSE","SEC","UNITS"
"87830","200906","ABC","114","2","1.000 - 5.000"
""
"INSTRUCTOR(S)","TYPE","DAYS","TIME","BUILD","ROOM"
"Perry, Katherine V.","Variable","","","",""
""
"SEAT","SID","SURNAME","PREFNAME","LEVEL","UNITS","CLASS","MAJOR","GRADE","STATUS","EMAIL"
""
"CID","TERM","SUBJ","CRSE","SEC","UNITS"
"94521","200906","ABC","221","1","4"
""
"INSTRUCTOR(S)","TYPE","DAYS","TIME","BUILD","ROOM"
"Diaz, Michelle H.","Lecture","TWR","11:00 AM - 12:40 PM","LH1","66"
"","Discussion","W","3:10 PM - 4:50 PM","TB4","103"
""
"SEAT","SID","SURNAME","PREFNAME","LEVEL","UNITS","CLASS","MAJOR","GRADE","STATUS","EMAIL"
"1","830414419","Harrington","Abigail","UG","4","SR","ABC1","C","RE","abigail.s.harrington@fakeu.edu"
"2","633401738","Fields","Emma","UG","4","SR","ABC1","B","RE","emma.i.fields@fakeu.edu"
"3","614116148","Wilson","Anthony","UG","4","SR","ABC2","B-","RE","anthony.w.wilson@fakeu.edu"
"4","966862221","Lyons","Adam","UG","4","SR","DEF2","B","RE","adam.n.lyons@fakeu.edu"
"5","284964679","O'connor","Alexandra","UG","4","SR","ABC2","A","RE","alexandra.n.o'connor@fakeu.edu"
"6","914426335","Lopez","Brayden","UG","4","SR","ABC1","B","RE","brayden.s.lopez@fakeu.edu"
"7","133144413","Palmer","Matthew","UG","4","SR","ABC1","D","RE","matthew.i.palmer@fakeu.edu"
"8","465090917","Smith","Isaiah","UG","4","SR","ABC1","B-","RE","isaiah.n.smith@fakeu.edu"
"9","764774362","Barnes","Jessica","UG","4","SR","ABC1","B","RE","jessica.a.barnes@fakeu.edu"
"10","599900658","Wood","Evan","UG","4","SR","ABC1","B-","RE","evan.s.wood@fakeu.edu"
"11","366282018","Gardner","Chloe","UG","4","SR","O229","C+","RE","chloe.a.gardner@fakeu.edu"
"12","735456211","Richardson","Ariana","UG","4","SR","DEF1","A-","RE","ariana.j.richardson@fakeu.edu"
"13","928755057","Jones","Damian","UG","4","SR","ABC2","A","RE","damian.s.jones@fakeu.edu"
"14","640986139","Cummings","Noah","UG","4","SR","ABC1","A","RE","noah.c.cummings@fakeu.edu"
"15","999508478","Hill","John","UG","4","SR","ABC1","A-","RE","john.v.hill@fakeu.edu"
"16","424052140","Martin","Isaac","UG","4","SR","ABC1","B+","RE","isaac.d.martin@fakeu.edu"
"17","272517505","Morales","Brandon","UG","4","SR","ABC1","B-","RE","brandon.s.morales@fakeu.edu"
"18","746877527","Cook","Brandon","UG","4","SR","ABC1","A","RE","brandon.j.cook@fakeu.edu"
"19","105111152","Robinson","Leah","UG","4","SR","ABC1","B+","RE","leah.h.robinson@fakeu.edu"
"20","956316608","Floyd","Logan","UG","4","SR","ABC2","A","RE","logan.l.floyd@fakeu.edu"
"21","213463216","Rivera","Adam","UG","4","SR","ABC1","A-","RE","adam.r.rivera@fakeu.edu"
"22","429554743","Miller","Matthew","UG","4","SR","ABC2","C","RE","matthew.a.miller@fakeu.edu"
"23","927587925","Davis","Scarlett","UG","4","SR","ABC2","B","RE","scarlett.e.davis1@fakeu.edu"
"24","626696901","Wood","Adrian","UG","4","SR","ABC2","B","RE","adrian.s.wood@fakeu.edu"
"25","112753895","Neal","Faith","UG","4","JR","ABC1","A","RE","faith.a.neal@fakeu.edu"
"26","936244200","Crane","Alex","UG","4","JR","ABC1","A+","RE","alex.j.crane@fakeu.edu"
"27","465417952","Howard","Nathan","UG","4","JR","ABC1","D+","RE","nathan.a.howard@fakeu.edu"
"28","202421925","Sharp","Bryan","UG","4","JR","ABC1","B","RE","bryan.r.sharp@fakeu.edu"
"29","490334117","Carlson","David","UG","4","JR","ABC2","B-","RE","david.a.carlson@fakeu.edu"
"30","190530214","Williams","Sebastian","UG","4","JR","ABC1","B","RE","sebastian.d.williams@fakeu.edu"
"31","292065913","Rodriguez","Jessica","UG","4","JR","ABC2","A","RE","jessica.d.rodriguez@fakeu.edu"
"32","398553124","Berger","Angel","UG","4","JR","ABC1","D+","RE","angel.e.berger@fakeu.edu"
"33","512885849","Smith","Chloe","UG","4","SR","DEF2","C-","RE","chloe.n.smith@fakeu.edu"
"34","643952838","Wilson","Giovanni","UG","4","SR","ABC1","C","RE","giovanni.s.wilson@fakeu.edu"
"35","697215233","Burns","Alexandra","UG","4","JR","ABC2","B","RE","alexandra.k.burns@fakeu.edu"
"36","516544561","Sanders","Isabella","UG","4","SO","ABC2","B","RE","isabella.j.sanders@fakeu.edu"
"37","796573223","Wilson","Isabella","UG","4","JR","ABC1","B+","RE","isabella.v.wilson@fakeu.edu"
"38","287163685","Short","Mason","UG","4","SR","ABC1","A-","RE","mason.s.short@fakeu.edu"
"39","416239010","Parker","Maya","UG","4","SR","ABC1","A","RE","maya.a.parker@fakeu.edu"
"40","722699730","Ray","Angel","UG","4","JR","ABC1","B","RE","angel.a.ray@fakeu.edu"
"41","980727266","Rodriguez","Grace","UG","4","SR","ABC1","B","RE","grace.d.rodriguez@fakeu.edu"
"42","764428575","Charles","Elizabeth","UG","4","SR","ABC1","A","RE","elizabeth.n.charles@fakeu.edu"
"43","284450381","Mason","Owen","UG","4","JR","ABC1","B","RE","owen.r.mason@fakeu.edu"
"44","897259695","Herring","Aiden","UG","4","JR","ABC2","B-","RE","aiden.j.herring@fakeu.edu"
"45","623258465","Cook","Gabriel","UG","4","SR","ABC1","A-","RE","gabriel.a.cook1@fakeu.edu"
"46","713309764","Johns","Valentina","UG","4","SR","ABC1","C+","RE","valentina.s.johns@fakeu.edu"
"47","503282484","Pitts","Henry","UG","4","SO","OT35","F","RE","henry.f.pitts@fakeu.edu"
"48","855683623","Hicks","Ashley","UG","4","SR","ABC1","B","RE","ashley.e.hicks@fakeu.edu"
"49","740063720","Pickett","Justin","UG","4","SR","ABC1","B","RE","justin.a.pickett@fakeu.edu"
"50","264027550","Graves","Caleb","U2","4","U2","ABC2","A","RE","caleb.l.graves@fakeu.edu"
"51","501895336","Rios","Vanessa","UG","4","SR","ABC1","D","RE","vanessa.j.rios@fakeu.edu"
""
"CID","TERM","SUBJ","CRSE","SEC","UNITS"
"90318","200906","ABC","251","0","1"
""
"INSTRUCTOR(S)","TYPE","DAYS","TIME","BUILD","ROOM"
"","Discussion","","","",""
""
"SEAT","SID","SURNAME","PREFNAME","LEVEL","UNITS","CLASS","MAJOR","GRADE","STATUS","EMAIL"
""
"CID","TERM","SUBJ","CRSE","SEC","UNITS"
"45144","200906","ABC","251","1","1"
""
"INSTRUCTOR(S)","TYPE","DAYS","TIME","BUILD","ROOM"
"","Discussion","","","",""
""
"SEAT","SID","SURNAME","PREFNAME","LEVEL","UNITS","CLASS","MAJOR","GRADE","STATUS","EMAIL"
""
"CID","TERM","SUBJ","CRSE","SEC","UNITS"
"46001","200906","ABC","251","2","1"
""
"INSTRUCTOR(S)","TYPE","DAYS","TIME","BUILD","ROOM"
"Perry, Katherine V.","Discussion","","","",""
""
"SEAT","SID","SURNAME","PREFNAME","LEVEL","UNITS","CLASS","MAJOR","GRADE","STATUS","EMAIL"
""
"CID","TERM","SUBJ","CRSE","SEC","UNITS"
"98420","200906","ABC","251","29","1"
""
"INSTRUCTOR(S)","TYPE","DAYS","TIME","BUILD","ROOM"
"","Discussion","","","",""
""
"SEAT","SID","SURNAME","PREFNAME","LEVEL","UNITS","CLASS","MAJOR","GRADE","STATUS","EMAIL"
""
"CID","TERM","SUBJ","CRSE","SEC","UNITS"
"66100","200906","ABC","253","0","1.000 - 5.000"
""
"INSTRUCTOR(S)","TYPE","DAYS","TIME","BUILD","ROOM"
"","Internship","","","",""
""
"SEAT","SID","SURNAME","PREFNAME","LEVEL","UNITS","CLASS","MAJOR","GRADE","STATUS","EMAIL"
""
"CID","TERM","SUBJ","CRSE","SEC","UNITS"
"51858","200906","ABC","253","1","1.000 - 5.000"
""
"INSTRUCTOR(S)","TYPE","DAYS","TIME","BUILD","ROOM"
"","Internship","","","",""
""
"SEAT","SID","SURNAME","PREFNAME","LEVEL","UNITS","CLASS","MAJOR","GRADE","STATUS","EMAIL"
"1","500521115","Mendoza","Arianna","UG","4","SR","ABC1","P","RE","arianna.k.mendoza@fakeu.edu"
"2","271601339","Horne","Brianna","UG","1","SR","DEF1","P","RE","brianna.m.horne@fakeu.edu"
""
"CID","TERM","SUBJ","CRSE","SEC","UNITS"
"82745","200906","ABC","253","2","1.000 - 5.000"
""
"INSTRUCTOR(S)","TYPE","DAYS","TIME","BUILD","ROOM"
"Perry, Katherine V.","Internship","","","",""
""
"SEAT","SID","SURNAME","PREFNAME","LEVEL","UNITS","CLASS","MAJOR","GRADE","STATUS","EMAIL"
""
"CID","TERM","SUBJ","CRSE","SEC","UNITS"
"38374","200906","ABC","256","0","1.000 - 5.000"
""
"INSTRUCTOR(S)","TYPE","DAYS","TIME","BUILD","ROOM"
"","Variable","","","",""
""
"SEAT","SID","SURNAME","PREFNAME","LEVEL","UNITS","CLASS","MAJOR","GRADE","STATUS","EMAIL"
""
"CID","TERM","SUBJ","CRSE","SEC","UNITS"
"58353","200906","ABC","256","1","1.000 - 5.000"
""
"INSTRUCTOR(S)","TYPE","DAYS","TIME","BUILD","ROOM"
"","Variable","","","",""
""
"SEAT","SID","SURNAME","PREFNAME","LEVEL","UNITS","CLASS","MAJOR","GRADE","STATUS","EMAIL"
""
"CID","TERM","SUBJ","CRSE","SEC","UNITS"
"83509","200906","ABC","256","2","1.000 - 5.000"
""
"INSTRUCTOR(S)","TYPE","DAYS","TIME","BUILD","ROOM"
"Perry, Katherine V.","Variable","","","",""
""
"SEAT","SID","SURNAME","PREFNAME","LEVEL","UNITS","CLASS","MAJOR","GRADE","STATUS","EMAIL"
"1","769589595","Price","Hannah","ND","2","ND","O253","P","RE","hannah.c.price@fakeu.edu"
""
"CID","TERM","SUBJ","CRSE","SEC","UNITS"
"40700","200906","ABC","261","0","1.000 - 5.000"
""
"INSTRUCTOR(S)","TYPE","DAYS","TIME","BUILD","ROOM"
"","Variable","","","",""
""
"SEAT","SID","SURNAME","PREFNAME","LEVEL","UNITS","CLASS","MAJOR","GRADE","STATUS","EMAIL"
""
"CID","TERM","SUBJ","CRSE","SEC","UNITS"
"50837","200906","ABC","261","1","1.000 - 5.000"
""
"INSTRUCTOR(S)","TYPE","DAYS","TIME","BUILD","ROOM"
"","Variable","","","",""
""
"SEAT","SID","SURNAME","PREFNAME","LEVEL","UNITS","CLASS","MAJOR","GRADE","STATUS","EMAIL"
"1","532476416","Holmes","Sophia","ND","1","ND","O253","P","RE","sophia.b.holmes@fakeu.edu"
"2","769589595","Price","Hannah","ND","4","ND","O253","P","RE","hannah.c.price@fakeu.edu"
"3","634094974","Glenn","Allison","ND","1","ND","O253","P","RE","allison.z.glenn@fakeu.edu"
""
"CID","TERM","SUBJ","CRSE","SEC","UNITS"
"33230","200906","ABC","261","2","1.000 - 5.000"
""
"INSTRUCTOR(S)","TYPE","DAYS","TIME","BUILD","ROOM"
"Perry, Katherine V.","Variable","","","",""
""
"SEAT","SID","SURNAME","PREFNAME","LEVEL","UNITS","CLASS","MAJOR","GRADE","STATUS","EMAIL"
""
"CID","TERM","SUBJ","CRSE","SEC","UNITS"
"60571","200906","ABC","261","29","1.000 - 5.000"
""
"INSTRUCTOR(S)","TYPE","DAYS","TIME","BUILD","ROOM"
"","Variable","","","",""
""
"SEAT","SID","SURNAME","PREFNAME","LEVEL","UNITS","CLASS","MAJOR","GRADE","STATUS","EMAIL"
""
"CID","TERM","SUBJ","CRSE","SEC","UNITS"
"26253","200906","ABC","371","0","1"
""
"INSTRUCTOR(S)","TYPE","DAYS","TIME","BUILD","ROOM"
"","Discussion","","","",""
""
"SEAT","SID","SURNAME","PREFNAME","LEVEL","UNITS","CLASS","MAJOR","GRADE","STATUS","EMAIL"
""
"CID","TERM","SUBJ","CRSE","SEC","UNITS"
"40480","200906","ABC","371","1","1"
""
"INSTRUCTOR(S)","TYPE","DAYS","TIME","BUILD","ROOM"
"","Discussion","","","",""
""
"SEAT","SID","SURNAME","PREFNAME","LEVEL","UNITS","CLASS","MAJOR","GRADE","STATUS","EMAIL"
""
"CID","TERM","SUBJ","CRSE","SEC","UNITS"
"51599","200906","ABC","371","2","1"
""
"INSTRUCTOR(S)","TYPE","DAYS","TIME","BUILD","ROOM"
"Perry, Katherine V.","Discussion","","","",""
""
"SEAT","SID","SURNAME","PREFNAME","LEVEL","UNITS","CLASS","MAJOR","GRADE","STATUS","EMAIL"
""
"CID","TERM","SUBJ","CRSE","SEC","UNITS"
"54128","200906","ABC","371","17","1"
""
"INSTRUCTOR(S)","TYPE","DAYS","TIME","BUILD","ROOM"
"Rutledge, Ashley B.","Discussion","","","",""
""
"SEAT","SID","SURNAME","PREFNAME","LEVEL","UNITS","CLASS","MAJOR","GRADE","STATUS","EMAIL"
""
"CID","TERM","SUBJ","CRSE","SEC","UNITS"
"68153","200906","ABC","371","23","1"
""
"INSTRUCTOR(S)","TYPE","DAYS","TIME","BUILD","ROOM"
"Donaldson, Matthew C.","Discussion","","","",""
""
"SEAT","SID","SURNAME","PREFNAME","LEVEL","UNITS","CLASS","MAJOR","GRADE","STATUS","EMAIL"
""
"CID","TERM","SUBJ","CRSE","SEC","UNITS"
"64627","200906","ABC","371","30","1"
""
"INSTRUCTOR(S)","TYPE","DAYS","TIME","BUILD","ROOM"
"","Discussion","","","",""
""
"SEAT","SID","SURNAME","PREFNAME","LEVEL","UNITS","CLASS","MAJOR","GRADE","STATUS","EMAIL"
""
"CID","TERM","SUBJ","CRSE","SEC","UNITS"
"60890","200906","ABC","371","34","1"
""
"INSTRUCTOR(S)","TYPE","DAYS","TIME","BUILD","ROOM"
"","Discussion","","","",""
""
"SEAT","SID","SURNAME","PREFNAME","LEVEL","UNITS","CLASS","MAJOR","GRADE","STATUS","EMAIL"
""
"CID","TERM","SUBJ","CRSE","SEC","UNITS"
"33500","200906","ABC","375","0","1.000 - 5.000"
""
"INSTRUCTOR(S)","TYPE","DAYS","TIME","BUILD","ROOM"
"","Variable","","","",""
""
"SEAT","SID","SURNAME","PREFNAME","LEVEL","UNITS","CLASS","MAJOR","GRADE","STATUS","EMAIL"
""
"CID","TERM","SUBJ","CRSE","SEC","UNITS"
"55923","200906","ABC","375","1","1.000 - 5.000"
""
"INSTRUCTOR(S)","TYPE","DAYS","TIME","BUILD","ROOM"
"","Variable","","","",""
""
"SEAT","SID","SURNAME","PREFNAME","LEVEL","UNITS","CLASS","MAJOR","GRADE","STATUS","EMAIL"
""
"CID","TERM","SUBJ","CRSE","SEC","UNITS"
"22348","200906","ABC","375","2","1.000 - 5.000"
""
"INSTRUCTOR(S)","TYPE","DAYS","TIME","BUILD","ROOM"
"Perry, Katherine V.","Variable","","","",""
""
"SEAT","SID","SURNAME","PREFNAME","LEVEL","UNITS","CLASS","MAJOR","GRADE","STATUS","EMAIL"
""
"CID","TERM","SUBJ","CRSE","SEC","UNITS"
"87925","200906","ABC","376","0","1.000 - 12.000"
""
"INSTRUCTOR(S)","TYPE","DAYS","TIME","BUILD","ROOM"
"","Variable","","","",""
""
"SEAT","SID","SURNAME","PREFNAME","LEVEL","UNITS","CLASS","MAJOR","GRADE","STATUS","EMAIL"
""
"CID","TERM","SUBJ","CRSE","SEC","UNITS"
"40082","200906","ABC","376","1","1.000 - 12.000"
""
"INSTRUCTOR(S)","TYPE","DAYS","TIME","BUILD","ROOM"
"Green, Isabella M.","Variable","","","",""
""
"SEAT","SID","SURNAME","PREFNAME","LEVEL","UNITS","CLASS","MAJOR","GRADE","STATUS","EMAIL"
"1","394162733","Scott","Brayden","GR","1","GM","ABCG","S","RE","brayden.e.scott@fakeu.edu"
"2","950876528","Maddox","Josiah","GR","1","D2","DEFG","S","RE","josiah.j.maddox@fakeu.edu"
"3","402576259","Alvarez","Riley","GR","1","GM","ABCG","S","RE","riley.l.alvarez@fakeu.edu"
"4","788472750","Moore","Anthony","GR","1","D2","ABCG","S","RE","anthony.g.moore@fakeu.edu"
"5","667048158","Barber","Gabriel","GR","1","D2","O107","S","RE","gabriel.b.barber@fakeu.edu"
"6","515498863","Wilson","Alyssa","GR","1","D2","ABCG","S","RE","alyssa.m.wilson@fakeu.edu"
"7","478555178","Bennett","Michael","GR","1","D2","ABCG","S","RE","michael.n.bennett@fakeu.edu"
"8","343644178","Lawson","Ian","GR","1","GM","ABCG","S","RE","ian.m.lawson@fakeu.edu"
"9","373565177","Robinson","Sebastian","GR","1","D2","ABCG","S","RE","sebastian.s.robinson@fakeu.edu"
"10","581826933","Smith","Jordan","GR","1","D2","ABCG","S","RE","jordan.z.smith@fakeu.edu"
"11","504150278","Ramirez","Christian","GR","1","D2","ABCG","S","RE","christian.v.ramirez@fakeu.edu"
"12","559752474","Martinez","Adrian","GR","1","GM","ABCG","S","RE","adrian.a.martinez@fakeu.edu"
"13","419471863","Jones","Genesis","GR","1","D2","ABCG","S","RE","genesis.v.jones@fakeu.edu"
"14","297293368","Morrison","Lillian","GR","1","GM","ABCG","S","RE","lillian.e.morrison@fakeu.edu"
"15","380157742","Scott","Miguel","GR","1","D2","DEFG","S","RE","miguel.a.scott@fakeu.edu"
"16","757334965","England","Jesus","GR","1","D2","ABCG","S","RE","jesus.o.england@fakeu.edu"
""
"CID","TERM","SUBJ","CRSE","SEC","UNITS"
"57753","200906","ABC","376","2","1.000 - 12.000"
""
"INSTRUCTOR(S)","TYPE","DAYS","TIME","BUILD","ROOM"
"Perry, Katherine V.","Variable","","","",""
""
"SEAT","SID","SURNAME","PREFNAME","LEVEL","UNITS","CLASS","MAJOR","GRADE","STATUS","EMAIL"
""
"CID","TERM","SUBJ","CRSE","SEC","UNITS"
"29515","200906","ABC","376","10","1.000 - 12.000"
""
"INSTRUCTOR(S)","TYPE","DAYS","TIME","BUILD","ROOM"
"Johnson, Abigail N.","Variable","","","",""
""
"SEAT","SID","SURNAME","PREFNAME","LEVEL","UNITS","CLASS","MAJOR","GRADE","STATUS","EMAIL"
""
"CID","TERM","SUBJ","CRSE","SEC","UNITS"
"80435","200906","ABC","376","13","1.000 - 12.000"
""
"INSTRUCTOR(S)","TYPE","DAYS","TIME","BUILD","ROOM"
"Snyder, Samantha R.","Variable","","","",""
""
"SEAT","SID","SURNAME","PREFNAME","LEVEL","UNITS","CLASS","MAJOR","GRADE","STATUS","EMAIL"
""
"CID","TERM","SUBJ","CRSE","SEC","UNITS"
"16907","200906","ABC","376","17","1.000 - 12.000"
""
"INSTRUCTOR(S)","TYPE","DAYS","TIME","BUILD","ROOM"
"Rutledge, Ashley B.","Variable","","","",""
""
"SEAT","SID","SURNAME","PREFNAME","LEVEL","UNITS","CLASS","MAJOR","GRADE","STATUS","EMAIL"
""
"CID","TERM","SUBJ","CRSE","SEC","UNITS"
"68149","200906","ABC","376","20","1.000 - 12.000"
""
"INSTRUCTOR(S)","TYPE","DAYS","TIME","BUILD","ROOM"
"Green, Isabella M.","Variable","","","",""
""
"SEAT","SID","SURNAME","PREFNAME","LEVEL","UNITS","CLASS","MAJOR","GRADE","STATUS","EMAIL"
""
"CID","TERM","SUBJ","CRSE","SEC","UNITS"
"77470","200906","ABC","376","23","1.000 - 12.000"
""
"INSTRUCTOR(S)","TYPE","DAYS","TIME","BUILD","ROOM"
"Donaldson, Matthew C.","Variable","","","",""
""
"SEAT","SID","SURNAME","PREFNAME","LEVEL","UNITS","CLASS","MAJOR","GRADE","STATUS","EMAIL"
""
"CID","TERM","SUBJ","CRSE","SEC","UNITS"
"46080","200906","ABC","376","33","1.000 - 12.000"
""
"INSTRUCTOR(S)","TYPE","DAYS","TIME","BUILD","ROOM"
"","Variable","","","",""
""
"SEAT","SID","SURNAME","PREFNAME","LEVEL","UNITS","CLASS","MAJOR","GRADE","STATUS","EMAIL"
""
"CID","TERM","SUBJ","CRSE","SEC","UNITS"
"97559","200906","ABC","378","0","1"
""
"INSTRUCTOR(S)","TYPE","DAYS","TIME","BUILD","ROOM"
"","Discussion","","","",""
""
"SEAT","SID","SURNAME","PREFNAME","LEVEL","UNITS","CLASS","MAJOR","GRADE","STATUS","EMAIL"
""
"CID","TERM","SUBJ","CRSE","SEC","UNITS"
"80219","200906","ABC","378","1","1"
""
"INSTRUCTOR(S)","TYPE","DAYS","TIME","BUILD","ROOM"
"","Discussion","","","",""
""
"SEAT","SID","SURNAME","PREFNAME","LEVEL","UNITS","CLASS","MAJOR","GRADE","STATUS","EMAIL"
""
"CID","TERM","SUBJ","CRSE","SEC","UNITS"
"91373","200906","ABC","378","2","1"
""
"INSTRUCTOR(S)","TYPE","DAYS","TIME","BUILD","ROOM"
"Perry, Katherine V.","Discussion","","","",""
""
"SEAT","SID","SURNAME","PREFNAME","LEVEL","UNITS","CLASS","MAJOR","GRADE","STATUS","EMAIL"
""
"CID","TERM","SUBJ","CRSE","SEC","UNITS"
"59061","200906","ABC","379","0","1.000 - 4.000"
""
"INSTRUCTOR(S)","TYPE","DAYS","TIME","BUILD","ROOM"
"","Variable","","","",""
""
"SEAT","SID","SURNAME","PREFNAME","LEVEL","UNITS","CLASS","MAJOR","GRADE","STATUS","EMAIL"
""
"CID","TERM","SUBJ","CRSE","SEC","UNITS"
"19652","200906","ABC","379","1","1.000 - 4.000"
""
"INSTRUCTOR(S)","TYPE","DAYS","TIME","BUILD","ROOM"
"","Variable","","","",""
""
"SEAT","SID","SURNAME","PREFNAME","LEVEL","UNITS","CLASS","MAJOR","GRADE","STATUS","EMAIL"
""
"CID","TERM","SUBJ","CRSE","SEC","UNITS"
"20477","200906","ABC","379","2","1.000 - 4.000"
""
"INSTRUCTOR(S)","TYPE","DAYS","TIME","BUILD","ROOM"
"Perry, Katherine V.","Variable","","","",""
""
"SEAT","SID","SURNAME","PREFNAME","LEVEL","UNITS","CLASS","MAJOR","GRADE","STATUS","EMAIL"
""
"CID","TERM","SUBJ","CRSE","SEC","UNITS"
"36720","200906","ABC","101","21","4"
""
"INSTRUCTOR(S)","TYPE","DAYS","TIME","BUILD","ROOM"
"Carpenter, Grace S.","Lecture","MWF","11:00 AM - 12:40 PM","LH1","110"
"","Discussion","MWF","12:41 PM - 1:15 PM","LH1","110"
""
"SEAT","SID","SURNAME","PREFNAME","LEVEL","UNITS","CLASS","MAJOR","GRADE","STATUS","EMAIL"
"1","263965343","Dunn","Isaac","UG","4","SR","OT77","A","RE","isaac.a.dunn@fakeu.edu"
"2","919379528","Evans","Isabella","UG","4","SR","O240","A","RE","isabella.x.evans@fakeu.edu"
"3","946434218","Jones","Sophia","UG","4","SR","O239","B-","RE","sophia.j.jones1@fakeu.edu"
"4","688279819","Harrell","Christian","UG","4","SR","OT13","B-","RE","christian.l.harrell@fakeu.edu"
"5","444618883","Johnson","Caleb","UG","4","SR","OTH8","A+","RE","caleb.r.johnson@fakeu.edu"
"6","773923907","Reed","Logan","UG","4","JR","OTH8","F","RE","logan.j.reed@fakeu.edu"
"7","507176616","Gonzalez","Addison","UG","4","JR","OT39","B","RE","addison.g.gonzalez@fakeu.edu"
"8","144090496","Bates","Gavin","UG","4","SO","OT21","B-","RE","gavin.j.bates@fakeu.edu"
"9","477224193","Smith","Ian","UG","4","FR","ABC1","D","RE","ian.v.smith@fakeu.edu"
"10","527772927","Bullock","Jason","UG","4","FR","OTH8","A-","RE","jason.c.bullock@fakeu.edu"
"11","152346343","Woods","Sophia","UG","4","FR","O215","A+","RE","sophia.m.woods@fakeu.edu"
"12","145410460","Brown","Gavin","UG","4","SO","OTH8","B-","RE","gavin.s.brown@fakeu.edu"
"13","236838151","Edwards","Adrian","UG","4","SR","O265","A+","RE","adrian.a.edwards@fakeu.edu"
"14","774685987","Pugh","Evan","UG","4","SO","O237","B-","RE","evan.m.pugh@fakeu.edu"
"15","411711478","Joyner","Genesis","UG","4","SR","O174","C+","RE","genesis.e.joyner@fakeu.edu"
"16","576706681","Kelly","Brayden","UG","4","SO","OT26","C+","RE","brayden.a.kelly@fakeu.edu"
"17","211409463","Porter","Anthony","UG","4","FR","OT61","B+","RE","anthony.s.porter@fakeu.edu"
"18","303813837","Stone","Mason","UG","4","SR","ABC1","B","RE","mason.g.stone@fakeu.edu"
"19","268764423","Turner","Nathan","UG","4","JR","O251","C","RE","nathan.b.turner1@fakeu.edu"
"20","375424724","Harris","Emily","UG","4","SR","O174","A+","RE","emily.j.harris@fakeu.edu"
"21","999666469","Thomas","Claire","UG","4","JR","O268","F","RE","claire.j.thomas@fakeu.edu"
"22","960633328","Thompson","Justin","UG","4","SR","O244","C","RE","justin.j.thompson@fakeu.edu"
"23","869724239","Reeves","Jackson","UG","4","SR","OT21","C+","RE","jackson.z.reeves@fakeu.edu"
"24","893484519","Cruz","Valentina","UG","4","JR","OT48","C+","RE","valentina.l.cruz@fakeu.edu"
"25","602272771","Miller","Victoria","UG","4","JR","O241","C+","RE","victoria.v.miller@fakeu.edu"
"26","540021365","Charles","Riley","UG","4","JR","OT64","D","RE","riley.j.charles@fakeu.edu"
"27","965758731","Russell","Robert","UG","4","SR","O239","A+","RE","robert.v.russell@fakeu.edu"
"28","884192538","Hall","Owen","UG","4","JR","OT62","B-","RE","owen.d.hall@fakeu.edu"
"29","939203219","Henderson","Anthony","UG","4","SR","OTH8","C+","RE","anthony.n.henderson@fakeu.edu"
"30","629391416","Jordan","Noah","UG","4","SO","ABC1","B-","RE","noah.j.jordan1@fakeu.edu"
""
"CID","TERM","SUBJ","CRSE","SEC","UNITS"
"83562","200906","ABC","104","21","4"
""
"INSTRUCTOR(S)","TYPE","DAYS","TIME","BUILD","ROOM"
"Mccoy, Caleb A.","Lecture","TWR","9:00 AM - 10:40 AM","LH1","66"
"","Discussion","R","11:00 AM - 12:40 PM","LH1","66"
""
"SEAT","SID","SURNAME","PREFNAME","LEVEL","UNITS","CLASS","MAJOR","GRADE","STATUS","EMAIL"
"1","843700774","Mendez","Madison","UG","4","SR","OTH7","B","RE","madison.j.mendez@fakeu.edu"
"2","555351159","Rivera","Mia","UG","4","SR","DEF1","F","RE","mia.g.rivera@fakeu.edu"
"3","591975541","Forbes","Ian","UG","4","SR","O174","C","RE","ian.k.forbes@fakeu.edu"
"4","993431265","Fox","Evelyn","UG","4","SR","O160","C","RE","evelyn.k.fox@fakeu.edu"
"5","164212714","Jackson","Charlotte","UG","4","SR","OTH8","B-","RE","charlotte.e.jackson@fakeu.edu"
"6","633261775","Bridges","Benjamin","UG","4","SR","O174","A","RE","benjamin.d.bridges@fakeu.edu"
"7","955335815","Beck","Dominic","UG","4","JR","ABC1","A","RE","dominic.g.beck@fakeu.edu"
"8","541120859","Jordan","Liam","UG","4","JR","ABC1","A-","RE","liam.m.jordan1@fakeu.edu"
"9","433816810","Perkins","Charlotte","UG","4","JR","OT39","A","RE","charlotte.a.perkins@fakeu.edu"
"10","221959139","Conner","Joseph","UG","4","JR","DEF1","C","RE","joseph.j.conner@fakeu.edu"
"11","580311542","Gates","Hailey","UG","4","JR","OT42","B","RE","hailey.p.gates@fakeu.edu"
"12","824524450","Powell","Jacob","UG","4","JR","O224","B","RE","jacob.f.powell@fakeu.edu"
"13","439905677","Clay","David","UG","4","JR","O181","B-","RE","david.m.clay@fakeu.edu"
"14","250875122","Lynch","Aaron","UG","4","JR","ABC1","D+","RE","aaron.j.lynch@fakeu.edu"
"15","361821677","Smith","Valerie","UG","4","JR","ABC1","C","RE","valerie.n.smith@fakeu.edu"
"16","135186071","Jackson","Adrian","UG","4","FR","O215","A","RE","adrian.g.jackson@fakeu.edu"
"17","402185447","Thomas","Savannah","UG","4","SR","O238","A-","RE","savannah.a.thomas@fakeu.edu"
"18","229004771","Edwards","Sophia","UG","4","SO","OT35","A+","RE","sophia.a.edwards@fakeu.edu"
"19","940879606","Cummings","Samantha","UG","4","SR","OT40","C+","RE","samantha.g.cummings@fakeu.edu"
"20","999474080","Cross","Evan","UG","4","SO","ABC2","A-","RE","evan.a.cross@fakeu.edu"
"21","388492646","Miller","Jackson","UG","4","SR","ABC2","C+","RE","jackson.n.miller@fakeu.edu"
"22","754923159","Burton","Jonathan","UG","4","JR","OTH7","C+","RE","jonathan.m.burton@fakeu.edu"
"23","461933349","Watson","Avery","UG","4","JR","O238","A","RE","avery.d.watson@fakeu.edu"
"24","768969469","Blankenship","Michael","UG","4","JR","O174","B","RE","michael.b.blankenship@fakeu.edu"
"25","175814313","Smith","Mason","UG","4","FR","O215","B","RE","mason.a.smith4@fakeu.edu"
"26","303813837","Stone","Mason","UG","4","SR","ABC1","B-","RE","mason.g.stone@fakeu.edu"
"27","838019228","Buckner","Steven","UG","4","SR","O244","B+","RE","steven.h.buckner@fakeu.edu"
"28","676187557","Wilson","Olivia","UG","4","SO","O174","D+","RE","olivia.m.wilson@fakeu.edu"
"29","288580427","Jones","William","UG","4","SO","ABC2","B+","RE","william.g.jones@fakeu.edu"
"30","797062067","Mclean","Michael","UG","4","SO","ABC2","B","RE","michael.s.mclean@fakeu.edu"
"31","893484519","Cruz","Valentina","UG","4","JR","OT48","C+","RE","valentina.l.cruz@fakeu.edu"
"32","664258419","Buck","Sophie","UG","4","JR","ABC1","B","RE","sophie.d.buck@fakeu.edu"
"33","330552269","Avery","Faith","UG","4","JR","OT68","A+","RE","faith.z.avery@fakeu.edu"
"34","863724570","Williams","Andrea","UG","4","SO","OT16","C+","RE","andrea.i.williams@fakeu.edu"
"35","712093551","Wells","Gabriel","UG","4","SR","OT66","B+","RE","gabriel.s.wells@fakeu.edu"
"36","573628211","Casey","Lily","UG","4","FR","OT39","A+","RE","lily.j.casey@fakeu.edu"
"37","529739688","Peterson","Luke","UG","4","SO","OTH4","D+","RE","luke.e.peterson@fakeu.edu"
"38","165728686","Gonzalez","Jonathan","UG","4","FR","ABC1","NG","RE","jonathan.s.gonzalez@fakeu.edu"
"39","853494725","Freeman","Gabriella","UG","4","JR","OT35","A-","RE","gabriella.j.freeman@fakeu.edu"
"40","810928986","Jackson","Jesus","UG","4","SO","ABC2","B","RE","jesus.l.jackson@fakeu.edu"
""
"CID","TERM","SUBJ","CRSE","SEC","UNITS"
"69864","200906","ABC","112","0","1.000 - 5.000"
""
"INSTRUCTOR(S)","TYPE","DAYS","TIME","BUILD","ROOM"
"","Internship","","","",""
""
"SEAT","SID","SURNAME","PREFNAME","LEVEL","UNITS","CLASS","MAJOR","GRADE","STATUS","EMAIL"
""
"CID","TERM","SUBJ","CRSE","SEC","UNITS"
"92003","200906","ABC","112","1","1.000 - 5.000"
""
"INSTRUCTOR(S)","TYPE","DAYS","TIME","BUILD","ROOM"
"","Internship","","","",""
""
"SEAT","SID","SURNAME","PREFNAME","LEVEL","UNITS","CLASS","MAJOR","GRADE","STATUS","EMAIL"
"1","602918749","Williams","Gabriel","ND","1","ND","O253","P","RE","gabriel.k.williams@fakeu.edu"
""
"CID","TERM","SUBJ","CRSE","SEC","UNITS"
"13993","200906","ABC","112","2","1.000 - 5.000"
""
"INSTRUCTOR(S)","TYPE","DAYS","TIME","BUILD","ROOM"
"Perry, Katherine V.","Internship","","","",""
""
"SEAT","SID","SURNAME","PREFNAME","LEVEL","UNITS","CLASS","MAJOR","GRADE","STATUS","EMAIL"
""
"CID","TERM","SUBJ","CRSE","SEC","UNITS"
"21612","200906","ABC","113","0","1.000 - 5.000"
""
"INSTRUCTOR(S)","TYPE","DAYS","TIME","BUILD","ROOM"
"","Variable","","","",""
""
"SEAT","SID","SURNAME","PREFNAME","LEVEL","UNITS","CLASS","MAJOR","GRADE","STATUS","EMAIL"
""
"CID","TERM","SUBJ","CRSE","SEC","UNITS"
"72721","200906","ABC","113","1","1.000 - 5.000"
""
"INSTRUCTOR(S)","TYPE","DAYS","TIME","BUILD","ROOM"
"","Variable","","","",""
""
"SEAT","SID","SURNAME","PREFNAME","LEVEL","UNITS","CLASS","MAJOR","GRADE","STATUS","EMAIL"
""
"CID","TERM","SUBJ","CRSE","SEC","UNITS"
"43020","200906","ABC","113","2","1.000 - 5.000"
""
"INSTRUCTOR(S)","TYPE","DAYS","TIME","BUILD","ROOM"
"Perry, Katherine V.","Variable","","","",""
""
"SEAT","SID","SURNAME","PREFNAME","LEVEL","UNITS","CLASS","MAJOR","GRADE","STATUS","EMAIL"
""
"CID","TERM","SUBJ","CRSE","SEC","UNITS"
"82521","200906","ABC","114","0","1.000 - 5.000"
""
"INSTRUCTOR(S)","TYPE","DAYS","TIME","BUILD","ROOM"
"","Variable","","","",""
""
"SEAT","SID","SURNAME","PREFNAME","LEVEL","UNITS","CLASS","MAJOR","GRADE","STATUS","EMAIL"
""
"CID","TERM","SUBJ","CRSE","SEC","UNITS"
"33146","200906","ABC","114","1","1.000 - 5.000"
""
"INSTRUCTOR(S)","TYPE","DAYS","TIME","BUILD","ROOM"
"","Variable","","","",""
""
"SEAT","SID","SURNAME","PREFNAME","LEVEL","UNITS","CLASS","MAJOR","GRADE","STATUS","EMAIL"
""
"CID","TERM","SUBJ","CRSE","SEC","UNITS"
"41070","200906","ABC","114","2","1.000 - 5.000"
""
"INSTRUCTOR(S)","TYPE","DAYS","TIME","BUILD","ROOM"
"Perry, Katherine V.","Variable","","","",""
""
"SEAT","SID","SURNAME","PREFNAME","LEVEL","UNITS","CLASS","MAJOR","GRADE","STATUS","EMAIL"
""
"CID","TERM","SUBJ","CRSE","SEC","UNITS"
"57671","200906","ABC","201","21","4"
""
"INSTRUCTOR(S)","TYPE","DAYS","TIME","BUILD","ROOM"
"Moore, Isabella M.","Lecture","MTW","11:00 AM - 12:40 PM","LH1","66"
"","Discussion","M","3:10 PM - 4:40 PM","LH1","66"
""
"SEAT","SID","SURNAME","PREFNAME","LEVEL","UNITS","CLASS","MAJOR","GRADE","STATUS","EMAIL"
"1","524214884","Robinson","Michael","UG","4","SR","ABC2","A-","RE","michael.a.robinson@fakeu.edu"
"2","469852452","Stephens","Alex","UG","4","SR","ABC1","A-","RE","alex.l.stephens@fakeu.edu"
"3","966862221","Lyons","Adam","UG","4","SR","ABC1","B-","RE","adam.n.lyons@fakeu.edu"
"4","135279645","Ford","Sofia","UG","4","SR","ABC1","B-","RE","sofia.a.ford@fakeu.edu"
"5","186502812","Mann","Mia","UG","4","SR","O181","B+","RE","mia.l.mann@fakeu.edu"
"6","486465300","Taylor","Hailey","UG","4","SR","ABC1","A-","RE","hailey.j.taylor@fakeu.edu"
"7","133144413","Palmer","Matthew","UG","4","SR","ABC1","B-","RE","matthew.i.palmer@fakeu.edu"
"8","388262588","Simpson","Luke","UG","4","SR","ABC1","B-","RE","luke.a.simpson@fakeu.edu"
"9","517640489","Allen","Jason","UG","4","SR","ABC2","C","RE","jason.j.allen@fakeu.edu"
"10","599900658","Wood","Evan","UG","4","SR","ABC1","C+","RE","evan.s.wood@fakeu.edu"
"11","640986139","Cummings","Noah","UG","4","SR","ABC1","C+","RE","noah.c.cummings@fakeu.edu"
"12","799343910","Nguyen","Angel","UG","4","SR","ABC1","B","RE","angel.r.nguyen@fakeu.edu"
"13","598499985","Freeman","Jesse","UG","4","SR","O240","C","RE","jesse.i.freeman@fakeu.edu"
"14","272517505","Morales","Brandon","UG","4","SR","ABC1","B","RE","brandon.s.morales@fakeu.edu"
"15","806999103","Church","Natalie","UG","4","SR","ABC1","B+","RE","natalie.u.church@fakeu.edu"
"16","623258465","Cook","Gabriel","UG","4","SR","ABC1","NG","RE","gabriel.a.cook1@fakeu.edu"
"17","956316608","Floyd","Logan","UG","4","SR","ABC2","B","RE","logan.l.floyd@fakeu.edu"
"18","659285609","Fuller","Victor","UG","4","JR","ABC1","B","RE","victor.i.fuller@fakeu.edu"
"19","936244200","Crane","Alex","UG","4","SR","ABC1","A","RE","alex.j.crane@fakeu.edu"
"20","529378727","Kirkland","Nathan","UG","4","JR","O238","B","RE","nathan.a.kirkland@fakeu.edu"
"21","744093918","Lynch","Allison","UG","4","JR","ABC2","C+","RE","allison.s.lynch@fakeu.edu"
"22","588986125","Mendez","John","UG","4","JR","ABC2","C","RE","john.h.mendez@fakeu.edu"
"23","398553124","Berger","Angel","UG","4","JR","ABC1","B-","RE","angel.e.berger@fakeu.edu"
"24","502169724","Kelley","Sofia","UG","4","SR","OTH7","A","RE","sofia.s.kelley@fakeu.edu"
"25","512885849","Smith","Chloe","UG","4","SR","DEF2","B+","RE","chloe.n.smith@fakeu.edu"
"26","643952838","Wilson","Giovanni","UG","4","SR","ABC1","C","RE","giovanni.s.wilson@fakeu.edu"
"27","516544561","Sanders","Isabella","UG","4","JR","ABC2","B+","RE","isabella.j.sanders@fakeu.edu"
"28","878559727","Robles","Faith","UG","4","SO","ABC1","B","RE","faith.a.robles@fakeu.edu"
"29","465090917","Smith","Isaiah","UG","4","SR","ABC1","B","RE","isaiah.n.smith@fakeu.edu"
"30","918732721","White","William","UG","4","SR","ABC1","A","RE","william.d.white@fakeu.edu"
"31","430932136","Parker","Isaac","UG","4","SR","O108","NG","RE","isaac.h.parker@fakeu.edu"
"32","949277954","Martin","Charlotte","UG","4","SR","O135","A","RE","charlotte.g.martin@fakeu.edu"
"33","673796355","Byrd","Kayla","UG","4","JR","ABC1","B+","RE","kayla.c.byrd@fakeu.edu"
"34","893744806","Lee","Mia","UG","4","SR","OT62","C","RE","mia.a.lee@fakeu.edu"
"35","366282018","Gardner","Chloe","UG","4","SR","O229","B","RE","chloe.a.gardner@fakeu.edu"
"36","642943244","Fleming","Leonardo","UG","4","JR","ABC1","A-","RE","leonardo.a.fleming@fakeu.edu"
"37","262170829","Daniel","Jonathan","UG","4","SR","ABC2","A-","RE","jonathan.a.daniel@fakeu.edu"
"38","738466396","Terry","Natalie","UG","4","SR","ABC1","A","RE","natalie.r.terry@fakeu.edu"
"39","461728327","Pena","Riley","UG","4","SR","DEF1","B-","RE","riley.e.pena@fakeu.edu"
"40","478400117","Ball","Victor","UG","4","SR","OT62","C","RE","victor.r.ball@fakeu.edu"
"41","796573223","Wilson","Isabella","UG","4","JR","ABC1","A","RE","isabella.v.wilson@fakeu.edu"
"42","192210954","Estrada","Anthony","UG","4","SR","ABC1","C","RE","anthony.l.estrada@fakeu.edu"
"43","999508478","Hill","John","UG","4","SR","ABC1","B+","RE","john.v.hill@fakeu.edu"
"44","725968124","Hubbard","Amelia","UG","4","JR","ABC1","A-","RE","amelia.m.hubbard@fakeu.edu"
"45","855683623","Hicks","Ashley","UG","4","SR","ABC1","B-","RE","ashley.e.hicks@fakeu.edu"
"46","530420058","Hall","Logan","UG","4","JR","ABC1","B-","RE","logan.j.hall@fakeu.edu"
"47","829369457","Jones","Juan","UG","4","JR","ABC1","B-","RE","juan.a.jones@fakeu.edu"
"48","679037538","Stanley","Owen","UG","4","SR","ABC1","C-","RE","owen.b.stanley@fakeu.edu"
"49","501895336","Rios","Vanessa","UG","4","SR","ABC1","C","RE","vanessa.j.rios@fakeu.edu"
""
"CID","TERM","SUBJ","CRSE","SEC","UNITS"
"40102","200906","ABC","251","0","1"
""
"INSTRUCTOR(S)","TYPE","DAYS","TIME","BUILD","ROOM"
"","Discussion","","","",""
""
"SEAT","SID","SURNAME","PREFNAME","LEVEL","UNITS","CLASS","MAJOR","GRADE","STATUS","EMAIL"
""
"CID","TERM","SUBJ","CRSE","SEC","UNITS"
"78952","200906","ABC","251","1","1"
""
"INSTRUCTOR(S)","TYPE","DAYS","TIME","BUILD","ROOM"
"","Discussion","","","",""
""
"SEAT","SID","SURNAME","PREFNAME","LEVEL","UNITS","CLASS","MAJOR","GRADE","STATUS","EMAIL"
""
"CID","TERM","SUBJ","CRSE","SEC","UNITS"
"72991","200906","ABC","251","2","1"
""
"INSTRUCTOR(S)","TYPE","DAYS","TIME","BUILD","ROOM"
"Perry, Katherine V.","Discussion","","","",""
""
"SEAT","SID","SURNAME","PREFNAME","LEVEL","UNITS","CLASS","MAJOR","GRADE","STATUS","EMAIL"
""
"CID","TERM","SUBJ","CRSE","SEC","UNITS"
"26091","200906","ABC","253","0","1.000 - 5.000"
""
"INSTRUCTOR(S)","TYPE","DAYS","TIME","BUILD","ROOM"
"","Internship","","","",""
""
"SEAT","SID","SURNAME","PREFNAME","LEVEL","UNITS","CLASS","MAJOR","GRADE","STATUS","EMAIL"
""
"CID","TERM","SUBJ","CRSE","SEC","UNITS"
"93270","200906","ABC","253","1","1.000 - 5.000"
""
"INSTRUCTOR(S)","TYPE","DAYS","TIME","BUILD","ROOM"
"","Internship","","","",""
""
"SEAT","SID","SURNAME","PREFNAME","LEVEL","UNITS","CLASS","MAJOR","GRADE","STATUS","EMAIL"
"1","999476836","Trujillo","Ava","UG","4","SR","ABC1","P","RE","ava.a.trujillo@fakeu.edu"
""
"CID","TERM","SUBJ","CRSE","SEC","UNITS"
"23216","200906","ABC","253","2","1.000 - 5.000"
""
"INSTRUCTOR(S)","TYPE","DAYS","TIME","BUILD","ROOM"
"Perry, Katherine V.","Internship","","","",""
""
"SEAT","SID","SURNAME","PREFNAME","LEVEL","UNITS","CLASS","MAJOR","GRADE","STATUS","EMAIL"
""
"CID","TERM","SUBJ","CRSE","SEC","UNITS"
"14835","200906","ABC","256","0","1.000 - 5.000"
""
"INSTRUCTOR(S)","TYPE","DAYS","TIME","BUILD","ROOM"
"","Variable","","","",""
""
"SEAT","SID","SURNAME","PREFNAME","LEVEL","UNITS","CLASS","MAJOR","GRADE","STATUS","EMAIL"
""
"CID","TERM","SUBJ","CRSE","SEC","UNITS"
"95504","200906","ABC","256","1","1.000 - 5.000"
""
"INSTRUCTOR(S)","TYPE","DAYS","TIME","BUILD","ROOM"
"","Variable","","","",""
""
"SEAT","SID","SURNAME","PREFNAME","LEVEL","UNITS","CLASS","MAJOR","GRADE","STATUS","EMAIL"
"1","769589595","Price","Hannah","ND","5","ND","O253","P","RE","hannah.c.price@fakeu.edu"
""
"CID","TERM","SUBJ","CRSE","SEC","UNITS"
"14103","200906","ABC","256","2","1.000 - 5.000"
""
"INSTRUCTOR(S)","TYPE","DAYS","TIME","BUILD","ROOM"
"Perry, Katherine V.","Variable","","","",""
""
"SEAT","SID","SURNAME","PREFNAME","LEVEL","UNITS","CLASS","MAJOR","GRADE","STATUS","EMAIL"
""
"CID","TERM","SUBJ","CRSE","SEC","UNITS"
"52732","200906","ABC","261","0","1.000 - 5.000"
""
"INSTRUCTOR(S)","TYPE","DAYS","TIME","BUILD","ROOM"
"","Variable","","","",""
""
"SEAT","SID","SURNAME","PREFNAME","LEVEL","UNITS","CLASS","MAJOR","GRADE","STATUS","EMAIL"
""
"CID","TERM","SUBJ","CRSE","SEC","UNITS"
"94550","200906","ABC","261","1","1.000 - 5.000"
""
"INSTRUCTOR(S)","TYPE","DAYS","TIME","BUILD","ROOM"
"","Variable","","","",""
""
"SEAT","SID","SURNAME","PREFNAME","LEVEL","UNITS","CLASS","MAJOR","GRADE","STATUS","EMAIL"
"1","532476416","Holmes","Sophia","ND","1","ND","O253","P","RE","sophia.b.holmes@fakeu.edu"
"2","769589595","Price","Hannah","ND","1","ND","O253","P","RE","hannah.c.price@fakeu.edu"
""
"CID","TERM","SUBJ","CRSE","SEC","UNITS"
"45153","200906","ABC","261","2","1.000 - 5.000"
""
"INSTRUCTOR(S)","TYPE","DAYS","TIME","BUILD","ROOM"
"Perry, Katherine V.","Variable","","","",""
""
"SEAT","SID","SURNAME","PREFNAME","LEVEL","UNITS","CLASS","MAJOR","GRADE","STATUS","EMAIL"
""
"CID","TERM","SUBJ","CRSE","SEC","UNITS"
"65175","200906","ABC","371","0","1"
""
"INSTRUCTOR(S)","TYPE","DAYS","TIME","BUILD","ROOM"
"","Discussion","","","",""
""
"SEAT","SID","SURNAME","PREFNAME","LEVEL","UNITS","CLASS","MAJOR","GRADE","STATUS","EMAIL"
""
"CID","TERM","SUBJ","CRSE","SEC","UNITS"
"12968","200906","ABC","371","1","1"
""
"INSTRUCTOR(S)","TYPE","DAYS","TIME","BUILD","ROOM"
"","Discussion","","","",""
""
"SEAT","SID","SURNAME","PREFNAME","LEVEL","UNITS","CLASS","MAJOR","GRADE","STATUS","EMAIL"
""
"CID","TERM","SUBJ","CRSE","SEC","UNITS"
"97686","200906","ABC","371","2","1"
""
"INSTRUCTOR(S)","TYPE","DAYS","TIME","BUILD","ROOM"
"Perry, Katherine V.","Discussion","","","",""
""
"SEAT","SID","SURNAME","PREFNAME","LEVEL","UNITS","CLASS","MAJOR","GRADE","STATUS","EMAIL"
""
"CID","TERM","SUBJ","CRSE","SEC","UNITS"
"12086","200906","ABC","375","0","1.000 - 5.000"
""
"INSTRUCTOR(S)","TYPE","DAYS","TIME","BUILD","ROOM"
"","Variable","","","",""
""
"SEAT","SID","SURNAME","PREFNAME","LEVEL","UNITS","CLASS","MAJOR","GRADE","STATUS","EMAIL"
""
"CID","TERM","SUBJ","CRSE","SEC","UNITS"
"48931","200906","ABC","375","1","1.000 - 5.000"
""
"INSTRUCTOR(S)","TYPE","DAYS","TIME","BUILD","ROOM"
"","Variable","","","",""
""
"SEAT","SID","SURNAME","PREFNAME","LEVEL","UNITS","CLASS","MAJOR","GRADE","STATUS","EMAIL"
""
"CID","TERM","SUBJ","CRSE","SEC","UNITS"
"33942","200906","ABC","375","2","1.000 - 5.000"
""
"INSTRUCTOR(S)","TYPE","DAYS","TIME","BUILD","ROOM"
"Perry, Katherine V.","Variable","","","",""
""
"SEAT","SID","SURNAME","PREFNAME","LEVEL","UNITS","CLASS","MAJOR","GRADE","STATUS","EMAIL"
""
"CID","TERM","SUBJ","CRSE","SEC","UNITS"
"71461","200906","ABC","376","0","1.000 - 12.000"
""
"INSTRUCTOR(S)","TYPE","DAYS","TIME","BUILD","ROOM"
"","Variable","","","",""
""
"SEAT","SID","SURNAME","PREFNAME","LEVEL","UNITS","CLASS","MAJOR","GRADE","STATUS","EMAIL"
""
"CID","TERM","SUBJ","CRSE","SEC","UNITS"
"13497","200906","ABC","376","1","1.000 - 12.000"
""
"INSTRUCTOR(S)","TYPE","DAYS","TIME","BUILD","ROOM"
"Green, Isabella M.","Variable","","","",""
""
"SEAT","SID","SURNAME","PREFNAME","LEVEL","UNITS","CLASS","MAJOR","GRADE","STATUS","EMAIL"
"1","626301334","Malone","Jack","GR","1","GM","ABCG","S","RE","jack.t.malone@fakeu.edu"
"2","514254336","Fitzgerald","Joseph","GR","1","D2","ABCG","S","RE","joseph.c.fitzgerald@fakeu.edu"
"3","402576259","Alvarez","Riley","GR","1","GM","ABCG","S","RE","riley.l.alvarez@fakeu.edu"
"4","785514769","Davidson","Noah","GR","1","D1","DEFG","S","RE","noah.m.davidson@fakeu.edu"
"5","441862431","Harper","Jocelyn","GR","1","D2","ABCG","S","RE","jocelyn.l.harper@fakeu.edu"
"6","574693960","Wall","William","GR","1","D2","ABCG","S","RE","william.a.wall@fakeu.edu"
"7","964813101","Hines","Alyssa","GR","1","GM","ABCG","S","RE","alyssa.a.hines@fakeu.edu"
"8","297293368","Morrison","Lillian","GR","1","GM","ABCG","S","RE","lillian.e.morrison@fakeu.edu"
""
"CID","TERM","SUBJ","CRSE","SEC","UNITS"
"90785","200906","ABC","376","2","1.000 - 12.000"
""
"INSTRUCTOR(S)","TYPE","DAYS","TIME","BUILD","ROOM"
"Perry, Katherine V.","Variable","","","",""
""
"SEAT","SID","SURNAME","PREFNAME","LEVEL","UNITS","CLASS","MAJOR","GRADE","STATUS","EMAIL"
""
"CID","TERM","SUBJ","CRSE","SEC","UNITS"
"22864","200906","ABC","378","0","1"
""
"INSTRUCTOR(S)","TYPE","DAYS","TIME","BUILD","ROOM"
"","Discussion","","","",""
""
"SEAT","SID","SURNAME","PREFNAME","LEVEL","UNITS","CLASS","MAJOR","GRADE","STATUS","EMAIL"
""
"CID","TERM","SUBJ","CRSE","SEC","UNITS"
"80009","200906","ABC","378","1","1"
""
"INSTRUCTOR(S)","TYPE","DAYS","TIME","BUILD","ROOM"
"","Discussion","","","",""
""
"SEAT","SID","SURNAME","PREFNAME","LEVEL","UNITS","CLASS","MAJOR","GRADE","STATUS","EMAIL"
""
"CID","TERM","SUBJ","CRSE","SEC","UNITS"
"36965","200906","ABC","378","2","1"
""
"INSTRUCTOR(S)","TYPE","DAYS","TIME","BUILD","ROOM"
"Perry, Katherine V.","Discussion","","","",""
""
"SEAT","SID","SURNAME","PREFNAME","LEVEL","UNITS","CLASS","MAJOR","GRADE","STATUS","EMAIL"
""
"CID","TERM","SUBJ","CRSE","SEC","UNITS"
"28305","200906","ABC","379","0","1.000 - 4.000"
""
"INSTRUCTOR(S)","TYPE","DAYS","TIME","BUILD","ROOM"
"","Variable","","","",""
""
"SEAT","SID","SURNAME","PREFNAME","LEVEL","UNITS","CLASS","MAJOR","GRADE","STATUS","EMAIL"
""
"CID","TERM","SUBJ","CRSE","SEC","UNITS"
"35925","200906","ABC","379","1","1.000 - 4.000"
""
"INSTRUCTOR(S)","TYPE","DAYS","TIME","BUILD","ROOM"
"","Variable","","","",""
""
"SEAT","SID","SURNAME","PREFNAME","LEVEL","UNITS","CLASS","MAJOR","GRADE","STATUS","EMAIL"
""
"CID","TERM","SUBJ","CRSE","SEC","UNITS"
"34180","200906","ABC","379","2","1.000 - 4.000"
""
"INSTRUCTOR(S)","TYPE","DAYS","TIME","BUILD","ROOM"
"Perry, Katherine V.","Variable","","","",""
""
"SEAT","SID","SURNAME","PREFNAME","LEVEL","UNITS","CLASS","MAJOR","GRADE","STATUS","EMAIL"
""
"CID","TERM","SUBJ","CRSE","SEC","UNITS"
"71054","200906","DEF","103","1","4"
""
"INSTRUCTOR(S)","TYPE","DAYS","TIME","BUILD","ROOM"
"Goodwin, David A.","Lecture","TWR","10:00 AM - 11:40 AM","MB2","1016"
"","Workshop","","","",""
""
"SEAT","SID","SURNAME","PREFNAME","LEVEL","UNITS","CLASS","MAJOR","GRADE","STATUS","EMAIL"
"1","804923387","Bennett","Allison","UG","4","SR","DEF1","B+","RE","allison.d.bennett@fakeu.edu"
"2","439022722","Woods","Alex","UG","4","SR","DEF1","C+","RE","alex.s.woods@fakeu.edu"
"3","167903670","Bennett","Emily","UG","4","SR","DEF1","A+","RE","emily.n.bennett@fakeu.edu"
"4","555351159","Rivera","Mia","UG","4","SR","DEF1","F","RE","mia.g.rivera@fakeu.edu"
"5","932871604","Davis","Gabriel","UG","4","SR","ABC1","B-","RE","gabriel.l.davis@fakeu.edu"
"6","269660496","Stone","Isabel","UG","4","SR","DEF1","B+","RE","isabel.j.stone@fakeu.edu"
"7","260246249","Johnson","Liam","UG","4","SR","DEF1","A","RE","liam.e.johnson@fakeu.edu"
"8","347982120","Mcgee","David","UG","4","SR","DEF1","C-","RE","david.l.mcgee@fakeu.edu"
"9","693990893","Olson","Isabella","UG","4","SR","DEF1","C","RE","isabella.n.olson@fakeu.edu"
"10","687660148","Ferguson","Jack","UG","4","JR","O223","B-","RE","jack.m.ferguson@fakeu.edu"
"11","346547695","Freeman","Joseph","UG","4","JR","OT35","D","RE","joseph.e.freeman@fakeu.edu"
"12","633261775","Bridges","Benjamin","UG","4","SR","O174","A-","RE","benjamin.d.bridges@fakeu.edu"
"13","541120859","Jordan","Liam","UG","4","JR","ABC1","B","RE","liam.m.jordan1@fakeu.edu"
"14","727591346","Harvey","Ethan","UG","4","JR","ABC1","B-","RE","ethan.a.harvey@fakeu.edu"
"15","297572955","Jones","Julian","UG","4","JR","DEF1","C","RE","julian.j.jones1@fakeu.edu"
"16","581132024","Jordan","Noah","UG","4","JR","DEF1","B-","RE","noah.a.jordan@fakeu.edu"
"17","846646086","Smith","Eli","UG","4","JR","DEF1","C","RE","eli.h.smith@fakeu.edu"
"18","562189803","Bradley","Dominic","UG","4","JR","DEF1","A-","RE","dominic.j.bradley@fakeu.edu"
"19","918019647","Watkins","Ivan","UG","4","JR","DEF1","B-","RE","ivan.a.watkins@fakeu.edu"
"20","173955300","Weeks","Alexander","UG","4","JR","DEF1","C","RE","alexander.a.weeks@fakeu.edu"
"21","365575081","Richardson","Abigail","UG","4","JR","DEF1","C+","RE","abigail.a.richardson@fakeu.edu"
"22","271430398","Frost","Natalia","UG","4","JR","DEF2","C","RE","natalia.b.frost@fakeu.edu"
"23","657096259","Powell","Vanessa","UG","4","JR","DEF2","A-","RE","vanessa.c.powell@fakeu.edu"
"24","552271675","Young","Nevaeh","UG","4","JR","DEF1","C-","RE","nevaeh.e.young@fakeu.edu"
"25","381734014","Bradley","Anthony","UG","4","JR","OT26","B","RE","anthony.a.bradley@fakeu.edu"
"26","958949456","Austin","Jason","UG","4","JR","DEF1","B-","RE","jason.q.austin@fakeu.edu"
"27","225855057","Mcmillan","Alexander","UG","4","JR","DEF1","A+","RE","alexander.a.mcmillan@fakeu.edu"
"28","221959139","Conner","Joseph","UG","4","JR","DEF1","B-","RE","joseph.j.conner@fakeu.edu"
"29","409138732","Rivera","Alan","UG","4","JR","DEF1","C","RE","alan.e.rivera@fakeu.edu"
"30","580311542","Gates","Hailey","UG","4","SO","OT42","C+","RE","hailey.p.gates@fakeu.edu"
"31","841948120","Gutierrez","Claire","UG","4","JR","DEF2","A","RE","claire.j.gutierrez@fakeu.edu"
"32","583395359","Robinson","Josiah","UG","4","SO","DEF2","F","RE","josiah.i.robinson@fakeu.edu"
"33","426070103","Torres","Audrey","UG","4","SR","ABC1","D","RE","audrey.k.torres@fakeu.edu"
"34","531601234","Abbott","Nathan","UG","4","JR","ABC1","B","RE","nathan.m.abbott@fakeu.edu"
"35","224411129","Weaver","Vanessa","UG","4","JR","O224","C+","RE","vanessa.a.weaver@fakeu.edu"
"36","472299948","Lewis","Emily","UG","4","JR","DEF1","A","RE","emily.a.lewis@fakeu.edu"
"37","751057637","Reed","Ethan","UG","4","SO","DEF2","A+","RE","ethan.a.reed@fakeu.edu"
"38","599603732","Melendez","Alejandro","ND","4","ND","O253","D","RE","alejandro.b.melendez@fakeu.edu"
"39","714781989","West","Adrian","UG","4","SR","DEF1","C+","RE","adrian.v.west@fakeu.edu"
"40","288442650","Kidd","Aaliyah","UG","4","JR","ABC2","B+","RE","aaliyah.a.kidd@fakeu.edu"
"41","262170829","Daniel","Jonathan","UG","4","SR","ABC2","D","RE","jonathan.a.daniel@fakeu.edu"
"42","895131895","Knapp","Valeria","UG","4","SR","OT68","A+","RE","valeria.n.knapp@fakeu.edu"
"43","529739688","Peterson","Luke","UG","4","SO","OTH4","F","RE","luke.e.peterson@fakeu.edu"
"44","766653901","Wolfe","Valeria","UG","4","JR","ABC1","C","RE","valeria.j.wolfe@fakeu.edu"
""
"CID","TERM","SUBJ","CRSE","SEC","UNITS"
"78954","200906","DEF","106","1","1"
""
"INSTRUCTOR(S)","TYPE","DAYS","TIME","BUILD","ROOM"
"Mcdaniel, Elijah I.","Discussion","","","",""
""
"SEAT","SID","SURNAME","PREFNAME","LEVEL","UNITS","CLASS","MAJOR","GRADE","STATUS","EMAIL"
""
"CID","TERM","SUBJ","CRSE","SEC","UNITS"
"46183","200906","DEF","108","4","1.000 - 5.000"
""
"INSTRUCTOR(S)","TYPE","DAYS","TIME","BUILD","ROOM"
"","Internship","","","",""
""
"SEAT","SID","SURNAME","PREFNAME","LEVEL","UNITS","CLASS","MAJOR","GRADE","STATUS","EMAIL"
""
"CID","TERM","SUBJ","CRSE","SEC","UNITS"
"65187","200906","DEF","110","0","1.000 - 5.000"
""
"INSTRUCTOR(S)","TYPE","DAYS","TIME","BUILD","ROOM"
"","Variable","","","",""
""
"SEAT","SID","SURNAME","PREFNAME","LEVEL","UNITS","CLASS","MAJOR","GRADE","STATUS","EMAIL"
""
"CID","TERM","SUBJ","CRSE","SEC","UNITS"
"29798","200906","DEF","110","1","1.000 - 5.000"
""
"INSTRUCTOR(S)","TYPE","DAYS","TIME","BUILD","ROOM"
"Mcdaniel, Elijah I.","Variable","","","",""
""
"SEAT","SID","SURNAME","PREFNAME","LEVEL","UNITS","CLASS","MAJOR","GRADE","STATUS","EMAIL"
""
"CID","TERM","SUBJ","CRSE","SEC","UNITS"
"36780","200906","DEF","258","1","5"
""
"INSTRUCTOR(S)","TYPE","DAYS","TIME","BUILD","ROOM"
"Hodges, Jose I.","Lecture","MWF","8:00 AM - 9:40 AM","LH1","62"
"","Laboratory","MWF","10:00 AM - 12:15 PM","MB4","2230"
"","Laboratory","","","",""
""
"SEAT","SID","SURNAME","PREFNAME","LEVEL","UNITS","CLASS","MAJOR","GRADE","STATUS","EMAIL"
"1","262031512","Green","Isaiah","UG","5","SR","ABC2","D+","RE","isaiah.a.green@fakeu.edu"
"2","284578365","Wynn","Katherine","UG","5","SR","O200","D+","RE","katherine.a.wynn@fakeu.edu"
"3","568725953","Hansen","Natalie","UG","5","SR","DEF2","B","RE","natalie.z.hansen@fakeu.edu"
"4","696511418","Durham","Isabella","UG","5","SR","OTH7","B+","RE","isabella.n.durham@fakeu.edu"
"5","937637140","Martin","Jesus","UG","5","SR","OT16","C+","RE","jesus.d.martin@fakeu.edu"
"6","882371163","Vaughn","Luis","UG","5","SR","DEF1","D+","RE","luis.m.vaughn@fakeu.edu"
"7","844862894","Morris","Brandon","UG","5","SR","DEF1","A","RE","brandon.m.morris@fakeu.edu"
"8","533083674","Alvarez","Natalie","UG","5","SR","ABC1","B","RE","natalie.s.alvarez@fakeu.edu"
"9","497639199","Stanley","Christian","UG","5","SR","DEF1","A-","RE","christian.n.stanley@fakeu.edu"
"10","451008998","Brown","Amy","UG","5","SR","ABC1","D-","RE","amy.a.brown@fakeu.edu"
"11","449034799","Rodriquez","Hannah","UG","5","SR","DEF2","B+","RE","hannah.j.rodriquez@fakeu.edu"
"12","234169929","Gibson","Alexander","UG","5","SR","DEF1","B","RE","alexander.a.gibson@fakeu.edu"
"13","613042309","Smith","Jeremiah","UG","5","SR","DEF1","C+","RE","jeremiah.x.smith@fakeu.edu"
"14","859040946","Downs","Claire","UG","5","SR","DEF1","B+","RE","claire.m.downs@fakeu.edu"
"15","702204655","Ramirez","Aaron","UG","5","SR","DEF1","A","RE","aaron.a.ramirez@fakeu.edu"
"16","434409317","Anderson","Eric","UG","5","SR","DEF2","C","RE","eric.c.anderson@fakeu.edu"
"17","567802595","Reed","Sophia","UG","5","SR","OT42","A-","RE","sophia.j.reed@fakeu.edu"
"18","329617247","Gilbert","Nicholas","UG","5","SR","DEF1","A","RE","nicholas.a.gilbert@fakeu.edu"
"19","263400183","Jackson","Lucas","UG","5","SR","DEF2","F","RE","lucas.a.jackson@fakeu.edu"
"20","742103493","Nicholson","James","UG","5","JR","DEF1","B","RE","james.j.nicholson@fakeu.edu"
""
"CID","TERM","SUBJ","CRSE","SEC","UNITS"
"59900","200906","DEF","258","2","5"
""
"INSTRUCTOR(S)","TYPE","DAYS","TIME","BUILD","ROOM"
"Hodges, Jose I.","Lecture","MWF","8:00 AM - 9:40 AM","LH1","62"
"","Laboratory","MWF","1:10 PM - 3:25 PM","MB4","2230"
"","Laboratory","","","MB4","2230"
""
"SEAT","SID","SURNAME","PREFNAME","LEVEL","UNITS","CLASS","MAJOR","GRADE","STATUS","EMAIL"
"1","316565398","Martinez","Lily","UG","5","SR","ABC2","B","RE","lily.a.martinez@fakeu.edu"
"2","676642525","Hanson","Sofia","UG","5","JR","DEF1","B","RE","sofia.e.hanson@fakeu.edu"
"3","693990893","Olson","Isabella","UG","5","SR","DEF1","C-","RE","isabella.n.olson@fakeu.edu"
"4","443841129","Dean","Eli","UG","5","JR","DEF1","B+","RE","eli.j.dean@fakeu.edu"
"5","470169445","Sellers","Allison","UG","5","JR","DEF2","B-","RE","allison.e.sellers@fakeu.edu"
"6","920956632","Hatfield","Isabel","UG","5","JR","DEF1","B-","RE","isabel.n.hatfield@fakeu.edu"
"7","378556050","Smith","Oliver","UG","5","JR","DEF2","A-","RE","oliver.m.smith@fakeu.edu"
"8","559632088","Johnson","Ava","UG","5","JR","DEF2","A-","RE","ava.r.johnson@fakeu.edu"
"9","236477548","Suarez","Mateo","UG","5","JR","OT26","A+","RE","mateo.m.suarez@fakeu.edu"
"10","207906056","Morales","Andrew","UG","5","JR","DEF1","A-","RE","andrew.l.morales@fakeu.edu"
"11","658957691","Benton","Sophie","UG","5","SR","DEF1","A","RE","sophie.a.benton@fakeu.edu"
"12","793741486","Cortez","Damian","UG","5","JR","DEF1","C+","RE","damian.l.cortez@fakeu.edu"
"13","822233754","Goodman","Luke","UG","5","JR","DEF1","F","RE","luke.n.goodman@fakeu.edu"
"14","641228128","Jones","Sofia","UG","5","SR","DEF1","A","RE","sofia.a.jones2@fakeu.edu"
"15","288174141","Dudley","Robert","UG","5","SR","DEF1","A-","RE","robert.z.dudley@fakeu.edu"
"16","392838812","Robinson","Andrea","UG","5","JR","OT42","B-","RE","andrea.a.robinson@fakeu.edu"
"17","887691414","Flores","Katherine","UG","5","SR","DEF1","B+","RE","katherine.w.flores@fakeu.edu"
"18","743596653","O'neil","Alexa","UG","5","JR","DEF2","A","RE","alexa.j.o'neil@fakeu.edu"
"19","538892492","Crawford","Sophie","UG","5","SR","OT26","C-","RE","sophie.m.crawford@fakeu.edu"
"20","405094012","Robinson","Ivan","UG","5","JR","DEF1","A-","RE","ivan.e.robinson1@fakeu.edu"
""
"CID","TERM","SUBJ","CRSE","SEC","UNITS"
"76861","200906","DEF","258","3","5"
""
"INSTRUCTOR(S)","TYPE","DAYS","TIME","BUILD","ROOM"
"Hodges, Jose I.","Lecture","MWF","8:00 AM - 9:40 AM","LH1","62"
"","Laboratory","MWF","3:45 PM - 6:00 PM","MB4","2230"
"","Laboratory","","","",""
""
"SEAT","SID","SURNAME","PREFNAME","LEVEL","UNITS","CLASS","MAJOR","GRADE","STATUS","EMAIL"
"1","294327957","Gardner","Olivia","UG","5","SR","DEF1","B","RE","olivia.g.gardner@fakeu.edu"
"2","529579314","Henderson","Alexandra","UG","5","SR","DEF1","A-","RE","alexandra.i.henderson@fakeu.edu"
"3","818494718","Taylor","Miguel","UG","5","SR","ABC2","B-","RE","miguel.x.taylor@fakeu.edu"
"4","262170829","Daniel","Jonathan","UG","5","SR","ABC2","C-","RE","jonathan.a.daniel@fakeu.edu"
"5","567265456","Anderson","Carlos","UG","5","JR","DEF1","C-","RE","carlos.a.anderson1@fakeu.edu"
""
"CID","TERM","SUBJ","CRSE","SEC","UNITS"
"51148","200906","DEF","285","0","1"
""
"INSTRUCTOR(S)","TYPE","DAYS","TIME","BUILD","ROOM"
"","Discussion","","","",""
""
"SEAT","SID","SURNAME","PREFNAME","LEVEL","UNITS","CLASS","MAJOR","GRADE","STATUS","EMAIL"
""
"CID","TERM","SUBJ","CRSE","SEC","UNITS"
"34632","200906","DEF","285","1","1"
""
"INSTRUCTOR(S)","TYPE","DAYS","TIME","BUILD","ROOM"
"","Discussion","","","",""
""
"SEAT","SID","SURNAME","PREFNAME","LEVEL","UNITS","CLASS","MAJOR","GRADE","STATUS","EMAIL"
""
"CID","TERM","SUBJ","CRSE","SEC","UNITS"
"79634","200906","DEF","285","3","1"
""
"INSTRUCTOR(S)","TYPE","DAYS","TIME","BUILD","ROOM"
"Cox, Jordan V.","Discussion","","","",""
""
"SEAT","SID","SURNAME","PREFNAME","LEVEL","UNITS","CLASS","MAJOR","GRADE","STATUS","EMAIL"
""
"CID","TERM","SUBJ","CRSE","SEC","UNITS"
"77092","200906","DEF","285","4","1"
""
"INSTRUCTOR(S)","TYPE","DAYS","TIME","BUILD","ROOM"
"Goodwin, David A.","Discussion","","","",""
""
"SEAT","SID","SURNAME","PREFNAME","LEVEL","UNITS","CLASS","MAJOR","GRADE","STATUS","EMAIL"
""
"CID","TERM","SUBJ","CRSE","SEC","UNITS"
"73123","200906","DEF","285","6","1"
""
"INSTRUCTOR(S)","TYPE","DAYS","TIME","BUILD","ROOM"
"Taylor, Liam L.","Discussion","","","",""
""
"SEAT","SID","SURNAME","PREFNAME","LEVEL","UNITS","CLASS","MAJOR","GRADE","STATUS","EMAIL"
""
"CID","TERM","SUBJ","CRSE","SEC","UNITS"
"29524","200906","DEF","285","8","1"
""
"INSTRUCTOR(S)","TYPE","DAYS","TIME","BUILD","ROOM"
"Turner, Giovanni E.","Discussion","","","",""
""
"SEAT","SID","SURNAME","PREFNAME","LEVEL","UNITS","CLASS","MAJOR","GRADE","STATUS","EMAIL"
"1","546509887","Martinez","Alan","ND","1","ND","O253","P","RE","alan.h.martinez@fakeu.edu"
""
"CID","TERM","SUBJ","CRSE","SEC","UNITS"
"23319","200906","DEF","285","28","1"
""
"INSTRUCTOR(S)","TYPE","DAYS","TIME","BUILD","ROOM"
"Rodriguez, Ryan A.","Discussion","","","",""
""
"SEAT","SID","SURNAME","PREFNAME","LEVEL","UNITS","CLASS","MAJOR","GRADE","STATUS","EMAIL"
"1","714781989","West","Adrian","UG","1","SR","DEF1","P","RE","adrian.v.west@fakeu.edu"
""
"CID","TERM","SUBJ","CRSE","SEC","UNITS"
"99825","200906","DEF","286","0","1.000 - 5.000"
""
"INSTRUCTOR(S)","TYPE","DAYS","TIME","BUILD","ROOM"
"","Internship","","","",""
""
"SEAT","SID","SURNAME","PREFNAME","LEVEL","UNITS","CLASS","MAJOR","GRADE","STATUS","EMAIL"
""
"CID","TERM","SUBJ","CRSE","SEC","UNITS"
"59158","200906","DEF","286","7","1.000 - 5.000"
""
"INSTRUCTOR(S)","TYPE","DAYS","TIME","BUILD","ROOM"
"","Internship","","","",""
""
"SEAT","SID","SURNAME","PREFNAME","LEVEL","UNITS","CLASS","MAJOR","GRADE","STATUS","EMAIL"
""
"CID","TERM","SUBJ","CRSE","SEC","UNITS"
"43756","200906","DEF","286","9","1.000 - 5.000"
""
"INSTRUCTOR(S)","TYPE","DAYS","TIME","BUILD","ROOM"
"Cox, Jordan V.","Internship","","","",""
""
"SEAT","SID","SURNAME","PREFNAME","LEVEL","UNITS","CLASS","MAJOR","GRADE","STATUS","EMAIL"
""
"CID","TERM","SUBJ","CRSE","SEC","UNITS"
"81703","200906","DEF","286","13","1.000 - 5.000"
""
"INSTRUCTOR(S)","TYPE","DAYS","TIME","BUILD","ROOM"
"White, Jonathan E.","Internship","","","",""
""
"SEAT","SID","SURNAME","PREFNAME","LEVEL","UNITS","CLASS","MAJOR","GRADE","STATUS","EMAIL"
""
"CID","TERM","SUBJ","CRSE","SEC","UNITS"
"55888","200906","DEF","286","23","1.000 - 5.000"
""
"INSTRUCTOR(S)","TYPE","DAYS","TIME","BUILD","ROOM"
"Davenport, Jackson L.","Internship","","","",""
""
"SEAT","SID","SURNAME","PREFNAME","LEVEL","UNITS","CLASS","MAJOR","GRADE","STATUS","EMAIL"
""
"CID","TERM","SUBJ","CRSE","SEC","UNITS"
"55749","200906","DEF","292","1","3"
""
"INSTRUCTOR(S)","TYPE","DAYS","TIME","BUILD","ROOM"
"Dixon, Andrew G.","Laboratory","TR","9:00 AM - 1:50 PM","MB4","2240"
"","Lecture","M","12:10 PM - 1:50 PM","MB2","1012"
""
"SEAT","SID","SURNAME","PREFNAME","LEVEL","UNITS","CLASS","MAJOR","GRADE","STATUS","EMAIL"
"1","527316196","Taylor","Mateo","UG","3","SR","DEF2","IP","RE","mateo.v.taylor@fakeu.edu"
"2","928221683","Booker","Christian","U0","3","FR","OTH2","IP","RE","christian.c.booker@fakeu.edu"
"3","642935995","Jones","Aiden","UG","3","SR","OTH7","IP","RE","aiden.g.jones@fakeu.edu"
"4","323552991","Jennings","Chloe","UG","3","SR","DEF1","IP","RE","chloe.h.jennings@fakeu.edu"
"5","535011527","Taylor","Emily","UG","3","SR","DEF2","IP","RE","emily.c.taylor@fakeu.edu"
"6","337549406","Conley","Connor","UG","3","SR","DEF1","IP","RE","connor.a.conley@fakeu.edu"
"7","205292177","Lopez","Aaliyah","UG","3","SR","ABC2","IP","RE","aaliyah.d.lopez@fakeu.edu"
"8","717773974","Herman","Emily","UG","3","SR","DEF1","IP","RE","emily.b.herman@fakeu.edu"
""
"CID","TERM","SUBJ","CRSE","SEC","UNITS"
"55658","200906","DEF","299","23","1.000 - 5.000"
""
"INSTRUCTOR(S)","TYPE","DAYS","TIME","BUILD","ROOM"
"Taylor, Liam L.","Variable","","","",""
""
"SEAT","SID","SURNAME","PREFNAME","LEVEL","UNITS","CLASS","MAJOR","GRADE","STATUS","EMAIL"
""
"CID","TERM","SUBJ","CRSE","SEC","UNITS"
"82131","200906","DEF","300","0","1.000 - 5.000"
""
"INSTRUCTOR(S)","TYPE","DAYS","TIME","BUILD","ROOM"
"","Variable","","","",""
""
"SEAT","SID","SURNAME","PREFNAME","LEVEL","UNITS","CLASS","MAJOR","GRADE","STATUS","EMAIL"
""
"CID","TERM","SUBJ","CRSE","SEC","UNITS"
"31376","200906","DEF","300","1","1.000 - 5.000"
""
"INSTRUCTOR(S)","TYPE","DAYS","TIME","BUILD","ROOM"
"Hodges, Jose I.","Variable","","","",""
""
"SEAT","SID","SURNAME","PREFNAME","LEVEL","UNITS","CLASS","MAJOR","GRADE","STATUS","EMAIL"
""
"CID","TERM","SUBJ","CRSE","SEC","UNITS"
"60774","200906","DEF","300","2","1.000 - 5.000"
""
"INSTRUCTOR(S)","TYPE","DAYS","TIME","BUILD","ROOM"
"White, Jonathan E.","Variable","","","",""
""
"SEAT","SID","SURNAME","PREFNAME","LEVEL","UNITS","CLASS","MAJOR","GRADE","STATUS","EMAIL"
""
"CID","TERM","SUBJ","CRSE","SEC","UNITS"
"57815","200906","DEF","300","3","1.000 - 5.000"
""
"INSTRUCTOR(S)","TYPE","DAYS","TIME","BUILD","ROOM"
"","Variable","","","",""
""
"SEAT","SID","SURNAME","PREFNAME","LEVEL","UNITS","CLASS","MAJOR","GRADE","STATUS","EMAIL"
""
"CID","TERM","SUBJ","CRSE","SEC","UNITS"
"41970","200906","DEF","300","5","1.000 - 5.000"
""
"INSTRUCTOR(S)","TYPE","DAYS","TIME","BUILD","ROOM"
"Wiley, Natalie A.","Variable","","","",""
""
"SEAT","SID","SURNAME","PREFNAME","LEVEL","UNITS","CLASS","MAJOR","GRADE","STATUS","EMAIL"
""
"CID","TERM","SUBJ","CRSE","SEC","UNITS"
"60793","200906","DEF","300","6","1.000 - 5.000"
""
"INSTRUCTOR(S)","TYPE","DAYS","TIME","BUILD","ROOM"
"Taylor, Liam L.","Variable","","","",""
""
"SEAT","SID","SURNAME","PREFNAME","LEVEL","UNITS","CLASS","MAJOR","GRADE","STATUS","EMAIL"
"1","797658055","Simmons","Isabella","UG","4","SR","DEF1","NG","RE","isabella.m.simmons@fakeu.edu"
""
"CID","TERM","SUBJ","CRSE","SEC","UNITS"
"74136","200906","DEF","300","8","1.000 - 5.000"
""
"INSTRUCTOR(S)","TYPE","DAYS","TIME","BUILD","ROOM"
"Turner, Giovanni E.","Variable","","","",""
""
"SEAT","SID","SURNAME","PREFNAME","LEVEL","UNITS","CLASS","MAJOR","GRADE","STATUS","EMAIL"
"1","546509887","Martinez","Alan","ND","5","ND","O253","P","RE","alan.h.martinez@fakeu.edu"
""
"CID","TERM","SUBJ","CRSE","SEC","UNITS"
"24497","200906","DEF","300","16","1.000 - 5.000"
""
"INSTRUCTOR(S)","TYPE","DAYS","TIME","BUILD","ROOM"
"Mcdaniel, Elijah I.","Variable","","","",""
""
"SEAT","SID","SURNAME","PREFNAME","LEVEL","UNITS","CLASS","MAJOR","GRADE","STATUS","EMAIL"
""
"CID","TERM","SUBJ","CRSE","SEC","UNITS"
"54962","200906","DEF","300","28","1.000 - 5.000"
""
"INSTRUCTOR(S)","TYPE","DAYS","TIME","BUILD","ROOM"
"Rodriguez, Ryan A.","Variable","","","",""
""
"SEAT","SID","SURNAME","PREFNAME","LEVEL","UNITS","CLASS","MAJOR","GRADE","STATUS","EMAIL"
"1","714781989","West","Adrian","UG","1","SR","DEF1","P","RE","adrian.v.west@fakeu.edu"
""
"CID","TERM","SUBJ","CRSE","SEC","UNITS"
"68770","200906","DEF","417","0","1"
""
"INSTRUCTOR(S)","TYPE","DAYS","TIME","BUILD","ROOM"
"","Discussion","","","",""
""
"SEAT","SID","SURNAME","PREFNAME","LEVEL","UNITS","CLASS","MAJOR","GRADE","STATUS","EMAIL"
""
"CID","TERM","SUBJ","CRSE","SEC","UNITS"
"20802","200906","DEF","417","1","1"
""
"INSTRUCTOR(S)","TYPE","DAYS","TIME","BUILD","ROOM"
"Sanders, Julian R.","Discussion","","","",""
""
"SEAT","SID","SURNAME","PREFNAME","LEVEL","UNITS","CLASS","MAJOR","GRADE","STATUS","EMAIL"
""
"CID","TERM","SUBJ","CRSE","SEC","UNITS"
"69342","200906","DEF","417","2","1"
""
"INSTRUCTOR(S)","TYPE","DAYS","TIME","BUILD","ROOM"
"Moody, Emma F.","Discussion","","","",""
""
"SEAT","SID","SURNAME","PREFNAME","LEVEL","UNITS","CLASS","MAJOR","GRADE","STATUS","EMAIL"
""
"CID","TERM","SUBJ","CRSE","SEC","UNITS"
"79166","200906","DEF","417","12","1"
""
"INSTRUCTOR(S)","TYPE","DAYS","TIME","BUILD","ROOM"
"Sanders, Ruby I.","Discussion","","","",""
""
"SEAT","SID","SURNAME","PREFNAME","LEVEL","UNITS","CLASS","MAJOR","GRADE","STATUS","EMAIL"
"1","286401241","Dean","Arianna","GR","1","D2","DEFG","NG","RE","arianna.a.dean@fakeu.edu"
""
"CID","TERM","SUBJ","CRSE","SEC","UNITS"
"61559","200906","DEF","417","16","1"
""
"INSTRUCTOR(S)","TYPE","DAYS","TIME","BUILD","ROOM"
"Lopez, Joseph S.","Discussion","","","",""
""
"SEAT","SID","SURNAME","PREFNAME","LEVEL","UNITS","CLASS","MAJOR","GRADE","STATUS","EMAIL"
""
"CID","TERM","SUBJ","CRSE","SEC","UNITS"
"54245","200906","DEF","417","17","1"
""
"INSTRUCTOR(S)","TYPE","DAYS","TIME","BUILD","ROOM"
"Cox, Jordan V.","Discussion","","","",""
""
"SEAT","SID","SURNAME","PREFNAME","LEVEL","UNITS","CLASS","MAJOR","GRADE","STATUS","EMAIL"
"1","223556379","Walton","Elijah","GR","1","D2","DEFG","S","RE","elijah.l.walton@fakeu.edu"
"2","712386221","Rios","Julian","U0","1","FR","OTH2","P","RE","julian.c.rios@fakeu.edu"
""
"CID","TERM","SUBJ","CRSE","SEC","UNITS"
"31514","200906","DEF","417","40","1"
""
"INSTRUCTOR(S)","TYPE","DAYS","TIME","BUILD","ROOM"
"Terry, Sophie L.","Discussion","","","",""
""
"SEAT","SID","SURNAME","PREFNAME","LEVEL","UNITS","CLASS","MAJOR","GRADE","STATUS","EMAIL"
""
"CID","TERM","SUBJ","CRSE","SEC","UNITS"
"60496","200906","DEF","426","0","1.000 - 12.000"
""
"INSTRUCTOR(S)","TYPE","DAYS","TIME","BUILD","ROOM"
"","Variable","","","",""
""
"SEAT","SID","SURNAME","PREFNAME","LEVEL","UNITS","CLASS","MAJOR","GRADE","STATUS","EMAIL"
""
"CID","TERM","SUBJ","CRSE","SEC","UNITS"
"73301","200906","DEF","426","1","1.000 - 12.000"
""
"INSTRUCTOR(S)","TYPE","DAYS","TIME","BUILD","ROOM"
"Gibson, Melanie M.","Variable","","","",""
""
"SEAT","SID","SURNAME","PREFNAME","LEVEL","UNITS","CLASS","MAJOR","GRADE","STATUS","EMAIL"
""
"CID","TERM","SUBJ","CRSE","SEC","UNITS"
"82343","200906","DEF","426","2","1.000 - 12.000"
""
"INSTRUCTOR(S)","TYPE","DAYS","TIME","BUILD","ROOM"
"Griffith, Dylan J.","Variable","","","",""
""
"SEAT","SID","SURNAME","PREFNAME","LEVEL","UNITS","CLASS","MAJOR","GRADE","STATUS","EMAIL"
""
"CID","TERM","SUBJ","CRSE","SEC","UNITS"
"40750","200906","DEF","426","3","1.000 - 12.000"
""
"INSTRUCTOR(S)","TYPE","DAYS","TIME","BUILD","ROOM"
"Stafford, Aaliyah A.","Variable","","","",""
""
"SEAT","SID","SURNAME","PREFNAME","LEVEL","UNITS","CLASS","MAJOR","GRADE","STATUS","EMAIL"
"1","289467206","Knox","Sophia","GR","1","D1","DEFG","S","RE","sophia.h.knox@fakeu.edu"
""
"CID","TERM","SUBJ","CRSE","SEC","UNITS"
"28746","200906","DEF","426","6","1.000 - 12.000"
""
"INSTRUCTOR(S)","TYPE","DAYS","TIME","BUILD","ROOM"
"Moody, Emma F.","Variable","","","",""
""
"SEAT","SID","SURNAME","PREFNAME","LEVEL","UNITS","CLASS","MAJOR","GRADE","STATUS","EMAIL"
""
"CID","TERM","SUBJ","CRSE","SEC","UNITS"
"89589","200906","DEF","426","9","1.000 - 12.000"
""
"INSTRUCTOR(S)","TYPE","DAYS","TIME","BUILD","ROOM"
"Cox, Jordan V.","Variable","","","",""
""
"SEAT","SID","SURNAME","PREFNAME","LEVEL","UNITS","CLASS","MAJOR","GRADE","STATUS","EMAIL"
"1","712386221","Rios","Julian","U0","5","FR","OTH2","P","RE","julian.c.rios@fakeu.edu"
""
"CID","TERM","SUBJ","CRSE","SEC","UNITS"
"94454","200906","DEF","426","12","1.000 - 12.000"
""
"INSTRUCTOR(S)","TYPE","DAYS","TIME","BUILD","ROOM"
"Sanders, Ruby I.","Variable","","","",""
""
"SEAT","SID","SURNAME","PREFNAME","LEVEL","UNITS","CLASS","MAJOR","GRADE","STATUS","EMAIL"
"1","859509698","Mclaughlin","Aubrey","GR","1","D2","DEFG","NG","RE","aubrey.j.mclaughlin@fakeu.edu"
"2","443334894","Jones","Angel","GR","1","D2","DEFG","NG","RE","angel.d.jones@fakeu.edu"
""
"CID","TERM","SUBJ","CRSE","SEC","UNITS"
"44899","200906","DEF","426","16","1.000 - 12.000"
""
"INSTRUCTOR(S)","TYPE","DAYS","TIME","BUILD","ROOM"
"Lopez, Joseph S.","Variable","","","",""
""
"SEAT","SID","SURNAME","PREFNAME","LEVEL","UNITS","CLASS","MAJOR","GRADE","STATUS","EMAIL"
""
"CID","TERM","SUBJ","CRSE","SEC","UNITS"
"28480","200906","DEF","426","20","1.000 - 12.000"
""
"INSTRUCTOR(S)","TYPE","DAYS","TIME","BUILD","ROOM"
"Harper, Samuel M.","Variable","","","",""
""
"SEAT","SID","SURNAME","PREFNAME","LEVEL","UNITS","CLASS","MAJOR","GRADE","STATUS","EMAIL"
"1","209691473","Sanchez","Addison","GR","1","D1","DEFG","S","RE","addison.s.sanchez@fakeu.edu"
""
"CID","TERM","SUBJ","CRSE","SEC","UNITS"
"20848","200906","DEF","426","21","1.000 - 12.000"
""
"INSTRUCTOR(S)","TYPE","DAYS","TIME","BUILD","ROOM"
"Snyder, Samantha R.","Variable","","","",""
""
"SEAT","SID","SURNAME","PREFNAME","LEVEL","UNITS","CLASS","MAJOR","GRADE","STATUS","EMAIL"
""
"CID","TERM","SUBJ","CRSE","SEC","UNITS"
"60998","200906","DEF","426","22","1.000 - 12.000"
""
"INSTRUCTOR(S)","TYPE","DAYS","TIME","BUILD","ROOM"
"Suarez, Julian J.","Variable","","","",""
""
"SEAT","SID","SURNAME","PREFNAME","LEVEL","UNITS","CLASS","MAJOR","GRADE","STATUS","EMAIL"
"1","342262167","Graves","Angelina","GR","1","D2","DEFG","NG","RE","angelina.z.graves@fakeu.edu"
""
"CID","TERM","SUBJ","CRSE","SEC","UNITS"
"13199","200906","DEF","426","23","1.000 - 12.000"
""
"INSTRUCTOR(S)","TYPE","DAYS","TIME","BUILD","ROOM"
"Taylor, Liam L.","Variable","","","",""
""
"SEAT","SID","SURNAME","PREFNAME","LEVEL","UNITS","CLASS","MAJOR","GRADE","STATUS","EMAIL"
"1","317719731","Jackson","Evelyn","GR","1","D1","DEFG","NG","RE","evelyn.l.jackson@fakeu.edu"
""
"CID","TERM","SUBJ","CRSE","SEC","UNITS"
"91677","200906","DEF","426","29","1.000 - 12.000"
""
"INSTRUCTOR(S)","TYPE","DAYS","TIME","BUILD","ROOM"
"Patterson, Savannah Q.","Variable","","","",""
""
"SEAT","SID","SURNAME","PREFNAME","LEVEL","UNITS","CLASS","MAJOR","GRADE","STATUS","EMAIL"
"1","699318264","Warren","Mateo","GR","1","D1","DEFG","NG","RE","mateo.a.warren@fakeu.edu"
""
"CID","TERM","SUBJ","CRSE","SEC","UNITS"
"84898","200906","DEF","426","31","1.000 - 12.000"
""
"INSTRUCTOR(S)","TYPE","DAYS","TIME","BUILD","ROOM"
"Boone, Sofia M.","Variable","","","",""
""
"SEAT","SID","SURNAME","PREFNAME","LEVEL","UNITS","CLASS","MAJOR","GRADE","STATUS","EMAIL"
"1","701034269","Coleman","Owen","GR","1","D2","DEFG","NG","RE","owen.n.coleman@fakeu.edu"
""
"CID","TERM","SUBJ","CRSE","SEC","UNITS"
"54184","200906","DEF","426","33","1.000 - 12.000"
""
"INSTRUCTOR(S)","TYPE","DAYS","TIME","BUILD","ROOM"
"Tyler, Isaac J.","Variable","","","",""
""
"SEAT","SID","SURNAME","PREFNAME","LEVEL","UNITS","CLASS","MAJOR","GRADE","STATUS","EMAIL"
""
"CID","TERM","SUBJ","CRSE","SEC","UNITS"
"63471","200906","DEF","426","40","1.000 - 12.000"
""
"INSTRUCTOR(S)","TYPE","DAYS","TIME","BUILD","ROOM"
"Terry, Sophie L.","Variable","","","",""
""
"SEAT","SID","SURNAME","PREFNAME","LEVEL","UNITS","CLASS","MAJOR","GRADE","STATUS","EMAIL"
""
"CID","TERM","SUBJ","CRSE","SEC","UNITS"
"70486","200906","DEF","426","51","1.000 - 12.000"
""
"INSTRUCTOR(S)","TYPE","DAYS","TIME","BUILD","ROOM"
"Miller, Liam M.","Variable","","","",""
""
"SEAT","SID","SURNAME","PREFNAME","LEVEL","UNITS","CLASS","MAJOR","GRADE","STATUS","EMAIL"
""
"CID","TERM","SUBJ","CRSE","SEC","UNITS"
"12585","200906","DEF","201","21","5"
""
"INSTRUCTOR(S)","TYPE","DAYS","TIME","BUILD","ROOM"
"Morris, Sebastian B.","Lecture","MWF","9:00 AM - 10:40 AM","LH1","90"
"","Laboratory","TR","11:00 AM - 1:30 PM","MB4","2290"
"","Discussion","M","12:10 PM - 1:50 PM","LH5","47"
""
"SEAT","SID","SURNAME","PREFNAME","LEVEL","UNITS","CLASS","MAJOR","GRADE","STATUS","EMAIL"
"1","262031512","Green","Isaiah","UG","5","SR","ABC2","D","RE","isaiah.a.green@fakeu.edu"
"2","882371163","Vaughn","Luis","UG","5","SR","DEF1","D","RE","luis.m.vaughn@fakeu.edu"
"3","341231437","Holmes","Daniel","UG","5","SR","DEF1","B","RE","daniel.c.holmes@fakeu.edu"
"4","986175550","Turner","Evan","UG","5","SR","DEF1","C-","RE","evan.g.turner@fakeu.edu"
"5","818494718","Taylor","Miguel","UG","5","SR","ABC2","F","RE","miguel.x.taylor@fakeu.edu"
"6","434409317","Anderson","Eric","UG","5","SR","DEF2","F","RE","eric.c.anderson@fakeu.edu"
"7","173809601","Henry","Michael","UG","5","JR","OTH4","C","RE","michael.c.henry@fakeu.edu"
"8","676642525","Hanson","Sofia","UG","5","JR","DEF1","D","RE","sofia.e.hanson@fakeu.edu"
"9","126853752","Martin","Andrea","UG","5","SR","ABC2","B","RE","andrea.j.martin@fakeu.edu"
"10","147337488","Rutledge","Alex","UG","5","SR","O254","A+","RE","alex.v.rutledge@fakeu.edu"
"11","315537531","Reed","Evan","UG","5","SR","ABC2","C","RE","evan.g.reed@fakeu.edu"
"12","920956632","Hatfield","Isabel","UG","5","SR","DEF1","C","RE","isabel.n.hatfield@fakeu.edu"
"13","378556050","Smith","Oliver","UG","5","SR","DEF2","A","RE","oliver.m.smith@fakeu.edu"
"14","292065913","Rodriguez","Jessica","UG","5","JR","ABC2","A+","RE","jessica.d.rodriguez@fakeu.edu"
"15","918019647","Watkins","Ivan","UG","5","JR","DEF1","C-","RE","ivan.a.watkins@fakeu.edu"
"16","472299948","Lewis","Emily","UG","5","JR","DEF1","A","RE","emily.a.lewis@fakeu.edu"
"17","409934024","Fitzpatrick","Alexander","UG","5","SR","DEF1","D","RE","alexander.n.fitzpatrick@fakeu.edu"
"18","732711577","Martin","Jesus","UG","5","JR","DEF1","D","RE","jesus.e.martin@fakeu.edu"
"19","656723256","Anderson","Juan","UG","5","SR","DEF1","A-","RE","juan.e.anderson@fakeu.edu"
"20","803770095","Carlson","Leonardo","UG","5","SR","OTH7","A-","RE","leonardo.a.carlson@fakeu.edu"
"21","941223419","Kelly","Nicholas","UG","5","JR","DEF1","D","RE","nicholas.r.kelly@fakeu.edu"
"22","263400183","Jackson","Lucas","UG","5","SR","DEF2","F","RE","lucas.a.jackson@fakeu.edu"
"23","900098095","Buckley","Katherine","UG","5","JR","DEF1","C+","RE","katherine.k.buckley@fakeu.edu"
"24","521773789","Freeman","Chloe","UG","5","SR","OT42","F","RE","chloe.j.freeman@fakeu.edu"
"25","937637140","Martin","Jesus","UG","5","SR","OT16","F","RE","jesus.d.martin@fakeu.edu"
"26","264027550","Graves","Caleb","U2","5","U2","ABC2","B-","RE","caleb.l.graves@fakeu.edu"
""
"CID","TERM","SUBJ","CRSE","SEC","UNITS"
"36348","200906","DEF","201","22","5"
""
"INSTRUCTOR(S)","TYPE","DAYS","TIME","BUILD","ROOM"
"Morris, Sebastian B.","Lecture","MWF","9:00 AM - 10:40 AM","LH1","90"
"","Discussion","M","12:10 PM - 1:50 PM","LH5","47"
"","Laboratory","TR","2:10 PM - 4:40 PM","MB4","2290"
""
"SEAT","SID","SURNAME","PREFNAME","LEVEL","UNITS","CLASS","MAJOR","GRADE","STATUS","EMAIL"
"1","269660496","Stone","Isabel","UG","5","SR","DEF1","B","RE","isabel.j.stone@fakeu.edu"
"2","398877987","Smith","Alexis","UG","5","SR","DEF2","A","RE","alexis.j.smith@fakeu.edu"
"3","347982120","Mcgee","David","UG","5","SR","DEF1","B-","RE","david.l.mcgee@fakeu.edu"
"4","440213228","Clark","Gabriel","UG","5","JR","DEF1","C","RE","gabriel.c.clark@fakeu.edu"
"5","382264984","Osborne","Jeremiah","UG","5","JR","DEF1","D","RE","jeremiah.l.osborne@fakeu.edu"
"6","505386354","Gilbert","Ashley","UG","5","JR","DEF1","C","RE","ashley.h.gilbert@fakeu.edu"
"7","652099583","Smith","Wyatt","UG","5","JR","ABC2","B-","RE","wyatt.m.smith@fakeu.edu"
"8","610027934","Ramos","Jasmine","UG","5","JR","O224","B","RE","jasmine.m.ramos@fakeu.edu"
"9","934000872","Henderson","Jacob","UG","5","JR","DEF1","C-","RE","jacob.l.henderson@fakeu.edu"
"10","793741486","Cortez","Damian","UG","5","JR","DEF1","B-","RE","damian.l.cortez@fakeu.edu"
"11","504642662","Miller","Ariana","UG","5","SO","DEF1","B","RE","ariana.i.miller@fakeu.edu"
"12","291648837","Smith","James","UG","5","SR","DEF1","B-","RE","james.l.smith@fakeu.edu"
"13","482952617","Schneider","Ariana","UG","5","JR","DEF1","B","RE","ariana.a.schneider@fakeu.edu"
"14","995381916","Rodriguez","Tyler","UG","5","SR","DEF2","C+","RE","tyler.y.rodriguez@fakeu.edu"
"15","751057637","Reed","Ethan","UG","5","SO","DEF2","B+","RE","ethan.a.reed@fakeu.edu"
"16","356896733","Wilson","Ava","ND","5","ND","OTH2","A-","RE","ava.d.wilson@fakeu.edu"
"17","822233754","Goodman","Luke","UG","5","JR","DEF1","F","RE","luke.n.goodman@fakeu.edu"
"18","213109639","Stanley","Daniel","UG","5","JR","ABC2","B+","RE","daniel.l.stanley@fakeu.edu"
"19","562189803","Bradley","Dominic","UG","5","JR","DEF1","B-","RE","dominic.j.bradley@fakeu.edu"
"20","895131895","Knapp","Valeria","UG","5","SR","OT68","A","RE","valeria.n.knapp@fakeu.edu"
""
"CID","TERM","SUBJ","CRSE","SEC","UNITS"
"55768","200906","DEF","238","21","4"
""
"INSTRUCTOR(S)","TYPE","DAYS","TIME","BUILD","ROOM"
"Webb, Alexis J.","Lecture","TWR","2:10 PM - 4:25 PM","MB2","1018"
""
"SEAT","SID","SURNAME","PREFNAME","LEVEL","UNITS","CLASS","MAJOR","GRADE","STATUS","EMAIL"
"1","696511418","Durham","Isabella","UG","4","SR","OTH7","B","RE","isabella.n.durham@fakeu.edu"
"2","882371163","Vaughn","Luis","UG","4","SR","DEF1","C","RE","luis.m.vaughn@fakeu.edu"
"3","271135026","Patterson","Elijah","UG","4","SR","DEF1","C","RE","elijah.j.patterson@fakeu.edu"
"4","167903670","Bennett","Emily","UG","4","SR","DEF1","A-","RE","emily.n.bennett@fakeu.edu"
"5","697057673","Scott","Stephanie","UG","4","SR","DEF1","B+","RE","stephanie.z.scott@fakeu.edu"
"6","497639199","Stanley","Christian","UG","4","SR","DEF1","B-","RE","christian.n.stanley@fakeu.edu"
"7","433893970","Yates","Jayden","UG","4","SR","DEF1","B-","RE","jayden.n.yates@fakeu.edu"
"8","282260538","Workman","Isaiah","UG","4","SR","DEF1","B","RE","isaiah.n.workman@fakeu.edu"
"9","735456211","Richardson","Ariana","UG","4","SR","DEF1","B","RE","ariana.j.richardson@fakeu.edu"
"10","173809601","Henry","Michael","UG","4","JR","OTH4","C","RE","michael.c.henry@fakeu.edu"
"11","124248744","Turner","Ashley","UG","4","SR","DEF1","C+","RE","ashley.i.turner@fakeu.edu"
"12","693990893","Olson","Isabella","UG","4","SR","DEF1","C+","RE","isabella.n.olson@fakeu.edu"
"13","248516424","Larson","Destiny","UG","4","SR","DEF1","B","RE","destiny.v.larson@fakeu.edu"
"14","147337488","Rutledge","Alex","UG","4","SR","O254","A","RE","alex.v.rutledge@fakeu.edu"
"15","202244056","Johnson","Jose","UG","4","SR","DEF1","C+","RE","jose.b.johnson@fakeu.edu"
"16","613042309","Smith","Jeremiah","UG","4","SR","DEF1","A","RE","jeremiah.x.smith@fakeu.edu"
"17","677138832","Snyder","Santiago","UG","4","SR","DEF1","B+","RE","santiago.s.snyder@fakeu.edu"
"18","337549406","Conley","Connor","UG","4","SR","DEF1","B-","RE","connor.a.conley@fakeu.edu"
"19","700294745","Baker","Natalie","UG","4","SR","DEF1","A","RE","natalie.l.baker@fakeu.edu"
"20","844862894","Morris","Brandon","UG","4","SR","DEF1","B","RE","brandon.m.morris@fakeu.edu"
"21","267440539","Thompson","Juan","UG","4","SR","OT68","A","RE","juan.k.thompson@fakeu.edu"
"22","440246016","Nichols","Nicholas","UG","4","SR","DEF2","A-","RE","nicholas.a.nichols@fakeu.edu"
"23","379207637","Olson","Avery","UG","4","SR","DEF1","B","RE","avery.c.olson@fakeu.edu"
"24","679787351","Mckay","Jose","UG","4","SR","O224","D-","RE","jose.g.mckay@fakeu.edu"
"25","861695200","Day","Nicholas","UG","4","SR","ABC2","D","RE","nicholas.i.day@fakeu.edu"
"26","538892492","Crawford","Sophie","UG","4","SR","OT26","D","RE","sophie.m.crawford@fakeu.edu"
"27","803770095","Carlson","Leonardo","UG","4","SR","OTH7","B-","RE","leonardo.a.carlson@fakeu.edu"
"28","887691414","Flores","Katherine","UG","4","SR","DEF1","B","RE","katherine.w.flores@fakeu.edu"
"29","599603732","Melendez","Alejandro","ND","4","ND","O253","B","RE","alejandro.b.melendez@fakeu.edu"
"30","937637140","Martin","Jesus","UG","4","SR","OT16","C+","RE","jesus.d.martin@fakeu.edu"
""
"CID","TERM","SUBJ","CRSE","SEC","UNITS"
"24086","200906","DEF","250","21","4"
""
"INSTRUCTOR(S)","TYPE","DAYS","TIME","BUILD","ROOM"
"Davenport, Jackson L.","Lecture","MTWR","2:10 PM - 3:25 PM","MB2","1002"
"","Discussion","MTWR","3:26 PM - 3:50 PM","MB2","1002"
""
"SEAT","SID","SURNAME","PREFNAME","LEVEL","UNITS","CLASS","MAJOR","GRADE","STATUS","EMAIL"
"1","610238278","Fernandez","Kimberly","UG","4","SR","DEF1","B-","RE","kimberly.g.fernandez@fakeu.edu"
"2","555351159","Rivera","Mia","UG","4","SR","DEF1","F","RE","mia.g.rivera@fakeu.edu"
"3","465504848","Collins","Grace","UG","4","SR","DEF1","B","RE","grace.h.collins@fakeu.edu"
"4","135866692","Johnson","Jacob","UG","4","SR","DEF1","C","RE","jacob.o.johnson1@fakeu.edu"
"5","434409317","Anderson","Eric","UG","4","SR","DEF2","F","RE","eric.c.anderson@fakeu.edu"
"6","358295234","Simmons","Daniel","UG","4","SR","DEF1","A","RE","daniel.m.simmons@fakeu.edu"
"7","642935995","Jones","Aiden","UG","4","SR","OTH7","C+","RE","aiden.g.jones@fakeu.edu"
"8","716749184","Russell","Emily","UG","4","SR","DEF1","C+","RE","emily.v.russell@fakeu.edu"
"9","571244141","Fulton","Elizabeth","U2","4","U2","DEF2","A-","RE","elizabeth.j.fulton@fakeu.edu"
"10","263400183","Jackson","Lucas","UG","4","SR","DEF2","F","RE","lucas.a.jackson@fakeu.edu"
"11","155959541","Hopkins","Evelyn","UG","4","SR","DEF2","A-","RE","evelyn.i.hopkins@fakeu.edu"
""
"CID","TERM","SUBJ","CRSE","SEC","UNITS"
"64066","200906","DEF","285","0","1"
""
"INSTRUCTOR(S)","TYPE","DAYS","TIME","BUILD","ROOM"
"","Discussion","","","",""
""
"SEAT","SID","SURNAME","PREFNAME","LEVEL","UNITS","CLASS","MAJOR","GRADE","STATUS","EMAIL"
""
"CID","TERM","SUBJ","CRSE","SEC","UNITS"
"27629","200906","DEF","285","1","1"
""
"INSTRUCTOR(S)","TYPE","DAYS","TIME","BUILD","ROOM"
"Griffith, Dylan J.","Discussion","","","",""
""
"SEAT","SID","SURNAME","PREFNAME","LEVEL","UNITS","CLASS","MAJOR","GRADE","STATUS","EMAIL"
""
"CID","TERM","SUBJ","CRSE","SEC","UNITS"
"54038","200906","DEF","285","2","1"
""
"INSTRUCTOR(S)","TYPE","DAYS","TIME","BUILD","ROOM"
"","Discussion","","","",""
""
"SEAT","SID","SURNAME","PREFNAME","LEVEL","UNITS","CLASS","MAJOR","GRADE","STATUS","EMAIL"
""
"CID","TERM","SUBJ","CRSE","SEC","UNITS"
"22466","200906","DEF","285","8","1"
""
"INSTRUCTOR(S)","TYPE","DAYS","TIME","BUILD","ROOM"
"Turner, Giovanni E.","Discussion","","","",""
""
"SEAT","SID","SURNAME","PREFNAME","LEVEL","UNITS","CLASS","MAJOR","GRADE","STATUS","EMAIL"
"1","546509887","Martinez","Alan","ND","1","ND","O253","P","RE","alan.h.martinez@fakeu.edu"
""
"CID","TERM","SUBJ","CRSE","SEC","UNITS"
"40272","200906","DEF","286","0","1.000 - 5.000"
""
"INSTRUCTOR(S)","TYPE","DAYS","TIME","BUILD","ROOM"
"","Internship","","","",""
""
"SEAT","SID","SURNAME","PREFNAME","LEVEL","UNITS","CLASS","MAJOR","GRADE","STATUS","EMAIL"
""
"CID","TERM","SUBJ","CRSE","SEC","UNITS"
"97416","200906","DEF","286","9","1.000 - 5.000"
""
"INSTRUCTOR(S)","TYPE","DAYS","TIME","BUILD","ROOM"
"Cox, Jordan V.","Internship","","","",""
""
"SEAT","SID","SURNAME","PREFNAME","LEVEL","UNITS","CLASS","MAJOR","GRADE","STATUS","EMAIL"
""
"CID","TERM","SUBJ","CRSE","SEC","UNITS"
"28167","200906","DEF","286","11","1.000 - 5.000"
""
"INSTRUCTOR(S)","TYPE","DAYS","TIME","BUILD","ROOM"
"White, Jonathan E.","Internship","","","",""
""
"SEAT","SID","SURNAME","PREFNAME","LEVEL","UNITS","CLASS","MAJOR","GRADE","STATUS","EMAIL"
""
"CID","TERM","SUBJ","CRSE","SEC","UNITS"
"89771","200906","DEF","286","13","1.000 - 5.000"
""
"INSTRUCTOR(S)","TYPE","DAYS","TIME","BUILD","ROOM"
"White, Jonathan E.","Internship","","","",""
""
"SEAT","SID","SURNAME","PREFNAME","LEVEL","UNITS","CLASS","MAJOR","GRADE","STATUS","EMAIL"
""
"CID","TERM","SUBJ","CRSE","SEC","UNITS"
"70166","200906","DEF","286","23","1.000 - 5.000"
""
"INSTRUCTOR(S)","TYPE","DAYS","TIME","BUILD","ROOM"
"Taylor, Liam L.","Internship","","","",""
""
"SEAT","SID","SURNAME","PREFNAME","LEVEL","UNITS","CLASS","MAJOR","GRADE","STATUS","EMAIL"
"1","490528467","Mays","Olivia","UG","1","SR","DEF1","NG","RE","olivia.d.mays@fakeu.edu"
""
"CID","TERM","SUBJ","CRSE","SEC","UNITS"
"54889","200906","DEF","293","21","2"
""
"INSTRUCTOR(S)","TYPE","DAYS","TIME","BUILD","ROOM"
"Dixon, Andrew G.","Laboratory","TR","9:00 AM - 12:20 PM","MB4","2250"
"","Workshop","M","12:10 PM - 1:50 PM","MB2","1012"
""
"SEAT","SID","SURNAME","PREFNAME","LEVEL","UNITS","CLASS","MAJOR","GRADE","STATUS","EMAIL"
"1","527316196","Taylor","Mateo","UG","2","SR","DEF2","B","RE","mateo.v.taylor@fakeu.edu"
"2","928221683","Booker","Christian","U0","2","FR","OTH2","B","RE","christian.c.booker@fakeu.edu"
"3","337549406","Conley","Connor","UG","2","SR","DEF1","B","RE","connor.a.conley@fakeu.edu"
"4","642935995","Jones","Aiden","UG","2","SR","OTH7","A","RE","aiden.g.jones@fakeu.edu"
"5","323552991","Jennings","Chloe","UG","2","SR","DEF1","B","RE","chloe.h.jennings@fakeu.edu"
"6","717773974","Herman","Emily","UG","2","SR","DEF1","A-","RE","emily.b.herman@fakeu.edu"
"7","535011527","Taylor","Emily","UG","2","SR","DEF2","A","RE","emily.c.taylor@fakeu.edu"
"8","205292177","Lopez","Aaliyah","UG","2","SR","ABC2","A","RE","aaliyah.d.lopez@fakeu.edu"
""
"CID","TERM","SUBJ","CRSE","SEC","UNITS"
"84727","200906","DEF","299","23","1.000 - 5.000"
""
"INSTRUCTOR(S)","TYPE","DAYS","TIME","BUILD","ROOM"
"Taylor, Liam L.","Variable","","","",""
""
"SEAT","SID","SURNAME","PREFNAME","LEVEL","UNITS","CLASS","MAJOR","GRADE","STATUS","EMAIL"
""
"CID","TERM","SUBJ","CRSE","SEC","UNITS"
"30127","200906","DEF","300","0","1.000 - 5.000"
""
"INSTRUCTOR(S)","TYPE","DAYS","TIME","BUILD","ROOM"
"","Variable","","","",""
""
"SEAT","SID","SURNAME","PREFNAME","LEVEL","UNITS","CLASS","MAJOR","GRADE","STATUS","EMAIL"
""
"CID","TERM","SUBJ","CRSE","SEC","UNITS"
"26775","200906","DEF","300","1","1.000 - 5.000"
""
"INSTRUCTOR(S)","TYPE","DAYS","TIME","BUILD","ROOM"
"Griffith, Dylan J.","Variable","","","",""
""
"SEAT","SID","SURNAME","PREFNAME","LEVEL","UNITS","CLASS","MAJOR","GRADE","STATUS","EMAIL"
""
"CID","TERM","SUBJ","CRSE","SEC","UNITS"
"43107","200906","DEF","300","2","1.000 - 5.000"
""
"INSTRUCTOR(S)","TYPE","DAYS","TIME","BUILD","ROOM"
"Hodges, Jose I.","Variable","","","",""
""
"SEAT","SID","SURNAME","PREFNAME","LEVEL","UNITS","CLASS","MAJOR","GRADE","STATUS","EMAIL"
"1","900098095","Buckley","Katherine","UG","1","JR","DEF1","P","RE","katherine.k.buckley@fakeu.edu"
""
"CID","TERM","SUBJ","CRSE","SEC","UNITS"
"33339","200906","DEF","300","3","1.000 - 5.000"
""
"INSTRUCTOR(S)","TYPE","DAYS","TIME","BUILD","ROOM"
"","Variable","","","",""
""
"SEAT","SID","SURNAME","PREFNAME","LEVEL","UNITS","CLASS","MAJOR","GRADE","STATUS","EMAIL"
""
"CID","TERM","SUBJ","CRSE","SEC","UNITS"
"81849","200906","DEF","300","8","1.000 - 5.000"
""
"INSTRUCTOR(S)","TYPE","DAYS","TIME","BUILD","ROOM"
"Turner, Giovanni E.","Variable","","","",""
""
"SEAT","SID","SURNAME","PREFNAME","LEVEL","UNITS","CLASS","MAJOR","GRADE","STATUS","EMAIL"
"1","546509887","Martinez","Alan","ND","5","ND","O253","P","RE","alan.h.martinez@fakeu.edu"
""
"CID","TERM","SUBJ","CRSE","SEC","UNITS"
"69210","200906","DEF","300","23","1.000 - 5.000"
""
"INSTRUCTOR(S)","TYPE","DAYS","TIME","BUILD","ROOM"
"Taylor, Liam L.","Variable","","","",""
""
"SEAT","SID","SURNAME","PREFNAME","LEVEL","UNITS","CLASS","MAJOR","GRADE","STATUS","EMAIL"
"1","797658055","Simmons","Isabella","UG","4","SR","DEF1","P","RE","isabella.m.simmons@fakeu.edu"
""
"CID","TERM","SUBJ","CRSE","SEC","UNITS"
"41733","200906","DEF","417","0","1"
""
"INSTRUCTOR(S)","TYPE","DAYS","TIME","BUILD","ROOM"
"","Discussion","","","",""
""
"SEAT","SID","SURNAME","PREFNAME","LEVEL","UNITS","CLASS","MAJOR","GRADE","STATUS","EMAIL"
""
"CID","TERM","SUBJ","CRSE","SEC","UNITS"
"52497","200906","DEF","417","1","1"
""
"INSTRUCTOR(S)","TYPE","DAYS","TIME","BUILD","ROOM"
"Sanders, Julian R.","Discussion","","","",""
""
"SEAT","SID","SURNAME","PREFNAME","LEVEL","UNITS","CLASS","MAJOR","GRADE","STATUS","EMAIL"
""
"CID","TERM","SUBJ","CRSE","SEC","UNITS"
"50990","200906","DEF","417","2","1"
""
"INSTRUCTOR(S)","TYPE","DAYS","TIME","BUILD","ROOM"
"Stafford, Aaliyah A.","Discussion","","","",""
""
"SEAT","SID","SURNAME","PREFNAME","LEVEL","UNITS","CLASS","MAJOR","GRADE","STATUS","EMAIL"
""
"CID","TERM","SUBJ","CRSE","SEC","UNITS"
"37341","200906","DEF","417","12","1"
""
"INSTRUCTOR(S)","TYPE","DAYS","TIME","BUILD","ROOM"
"Sanders, Ruby I.","Discussion","","","",""
""
"SEAT","SID","SURNAME","PREFNAME","LEVEL","UNITS","CLASS","MAJOR","GRADE","STATUS","EMAIL"
""
"CID","TERM","SUBJ","CRSE","SEC","UNITS"
"59755","200906","DEF","417","24","1"
""
"INSTRUCTOR(S)","TYPE","DAYS","TIME","BUILD","ROOM"
"Noel, Alexa K.","Discussion","","","",""
""
"SEAT","SID","SURNAME","PREFNAME","LEVEL","UNITS","CLASS","MAJOR","GRADE","STATUS","EMAIL"
""
"CID","TERM","SUBJ","CRSE","SEC","UNITS"
"47857","200906","DEF","417","40","1"
""
"INSTRUCTOR(S)","TYPE","DAYS","TIME","BUILD","ROOM"
"Terry, Sophie L.","Discussion","","","",""
""
"SEAT","SID","SURNAME","PREFNAME","LEVEL","UNITS","CLASS","MAJOR","GRADE","STATUS","EMAIL"
""
"CID","TERM","SUBJ","CRSE","SEC","UNITS"
"67177","200906","DEF","426","0","1.000 - 12.000"
""
"INSTRUCTOR(S)","TYPE","DAYS","TIME","BUILD","ROOM"
"","Variable","","","",""
""
"SEAT","SID","SURNAME","PREFNAME","LEVEL","UNITS","CLASS","MAJOR","GRADE","STATUS","EMAIL"
""
"CID","TERM","SUBJ","CRSE","SEC","UNITS"
"34185","200906","DEF","426","1","1.000 - 12.000"
""
"INSTRUCTOR(S)","TYPE","DAYS","TIME","BUILD","ROOM"
"Sanders, Julian R.","Variable","","","",""
""
"SEAT","SID","SURNAME","PREFNAME","LEVEL","UNITS","CLASS","MAJOR","GRADE","STATUS","EMAIL"
""
"CID","TERM","SUBJ","CRSE","SEC","UNITS"
"88303","200906","DEF","426","2","1.000 - 12.000"
""
"INSTRUCTOR(S)","TYPE","DAYS","TIME","BUILD","ROOM"
"Tyler, Isaac J.","Variable","","","",""
""
"SEAT","SID","SURNAME","PREFNAME","LEVEL","UNITS","CLASS","MAJOR","GRADE","STATUS","EMAIL"
"1","204848367","Herrera","Isaac","GR","1","D1","DEFG","NG","RE","isaac.z.herrera@fakeu.edu"
"2","446600045","Hurst","Isabella","GR","1","D1","DEFG","NG","RE","isabella.m.hurst@fakeu.edu"
""
"CID","TERM","SUBJ","CRSE","SEC","UNITS"
"24433","200906","DEF","426","12","1.000 - 12.000"
""
"INSTRUCTOR(S)","TYPE","DAYS","TIME","BUILD","ROOM"
"Cox, Jordan V.","Variable","","","",""
""
"SEAT","SID","SURNAME","PREFNAME","LEVEL","UNITS","CLASS","MAJOR","GRADE","STATUS","EMAIL"
""
"CID","TERM","SUBJ","CRSE","SEC","UNITS"
"77884","200906","DEF","426","22","1.000 - 12.000"
""
"INSTRUCTOR(S)","TYPE","DAYS","TIME","BUILD","ROOM"
"Suarez, Julian J.","Variable","","","",""
""
"SEAT","SID","SURNAME","PREFNAME","LEVEL","UNITS","CLASS","MAJOR","GRADE","STATUS","EMAIL"
""
"CID","TERM","SUBJ","CRSE","SEC","UNITS"
"15828","200906","DEF","426","24","1.000 - 12.000"
""
"INSTRUCTOR(S)","TYPE","DAYS","TIME","BUILD","ROOM"
"Noel, Alexa K.","Variable","","","",""
""
"SEAT","SID","SURNAME","PREFNAME","LEVEL","UNITS","CLASS","MAJOR","GRADE","STATUS","EMAIL"
""
"CID","TERM","SUBJ","CRSE","SEC","UNITS"
"55651","200906","DEF","426","40","1.000 - 12.000"
""
"INSTRUCTOR(S)","TYPE","DAYS","TIME","BUILD","ROOM"
"Terry, Sophie L.","Variable","","","",""
""
"SEAT","SID","SURNAME","PREFNAME","LEVEL","UNITS","CLASS","MAJOR","GRADE","STATUS","EMAIL"
""
"CID","TERM","SUBJ","CRSE","SEC","UNITS"
"39919","200906","DEF","427","74","1"
""
"INSTRUCTOR(S)","TYPE","DAYS","TIME","BUILD","ROOM"
"","Discussion","","","",""
""
"SEAT","SID","SURNAME","PREFNAME","LEVEL","UNITS","CLASS","MAJOR","GRADE","STATUS","EMAIL"
