""
"CID","TERM","SUBJ","CRSE","SEC","UNITS"
"99952","201106","ABC","101","1","4"
""
"INSTRUCTOR(S)","TYPE","DAYS","TIME","BUILD","ROOM"
"Johnston, Jordan A.","Lecture","MWF","10:00 AM - 11:40 AM","LH5","26"
"","Discussion","M","12:10 PM - 1:50 PM","LH5","19"
""
"SEAT","SID","SURNAME","PREFNAME","LEVEL","UNITS","CLASS","MAJOR","GRADE","STATUS","EMAIL"
"1","255801016","Wright","Adrian","UG","4","SR","O239","B-","RE","adrian.l.wright1@fakeu.edu"
"2","431401323","Tyler","Daniel","UG","4","SR","OT62","A+","RE","daniel.a.tyler@fakeu.edu"
"3","214963533","Gibson","Addison","UG","4","SR","OT21","A+","RE","addison.a.gibson@fakeu.edu"
"4","926936020","Johnson","John","UG","4","SR","OT62","A+","RE","john.a.johnson@fakeu.edu"
"5","512136476","Mcgee","Sophia","UG","4","JR","OTH8","B+","RE","sophia.g.mcgee@fakeu.edu"
"6","996814468","Price","Lucas","UG","4","JR","OTH8","B","RE","lucas.a.price@fakeu.edu"
"7","113005500","Martin","Abigail","UG","4","SR","OT67","D","RE","abigail.a.martin1@fakeu.edu"
"8","361403798","Johnson","Adrian","UG","4","SO","OT93","B","RE","adrian.v.johnson@fakeu.edu"
"9","511736773","Mcgee","Genesis","UG","4","SO","O223","A+","RE","genesis.r.mcgee@fakeu.edu"
"10","366179741","Sims","Ximena","UG","4","SO","O225","A","RE","ximena.r.sims@fakeu.edu"
"11","728594636","Anderson","Savannah","UG","4","SO","OT39","B-","RE","savannah.j.anderson@fakeu.edu"
"12","144220187","George","Brandon","UG","4","SO","OT60","B-","RE","brandon.a.george@fakeu.edu"
"13","116904920","Wilson","Austin","UG","4","SO","O160","B","RE","austin.c.wilson@fakeu.edu"
"14","397684918","Chavez","Anthony","UG","4","FR","ABC1","C+","RE","anthony.a.chavez@fakeu.edu"
"15","844029058","Rogers","Victor","UG","4","SR","OTH8","D+","RE","victor.e.rogers@fakeu.edu"
"16","977153573","Cooley","Alexandra","UG","4","SO","OT13","C+","RE","alexandra.c.cooley@fakeu.edu"
"17","529418690","Parker","Olivia","UG","4","SR","O243","A","RE","olivia.a.parker@fakeu.edu"
"18","345558741","Hernandez","Ashley","UG","4","SO","O223","B","RE","ashley.e.hernandez@fakeu.edu"
"19","898541598","Heath","Julia","UG","4","SR","O174","D","RE","julia.j.heath@fakeu.edu"
"20","375042939","Walton","Elijah","UG","4","SR","OTH8","A+","RE","elijah.e.walton@fakeu.edu"
"21","868661177","Perez","Charlotte","UG","4","SR","OT21","F","RE","charlotte.a.perez@fakeu.edu"
"22","861291500","Rivera","Valentina","UG","4","SO","OT26","B","RE","valentina.a.rivera@fakeu.edu"
"23","676899158","Chase","Jose","GR","4","GM","O102","B+","RE","jose.a.chase@fakeu.edu"
"24","937837702","Harrison","Destiny","UG","4","SO","OT42","D","RE","destiny.e.harrison@fakeu.edu"
"25","654394225","Briggs","Gabriella","UG","4","SR","O224","C+","RE","gabriella.m.briggs@fakeu.edu"
"26","201974231","Frazier","Joseph","UG","4","SR","O175","A","RE","joseph.e.frazier@fakeu.edu"
"27","671145236","Taylor","Alex","UG","4","SR","O174","A-","RE","alex.r.taylor@fakeu.edu"
"28","171914672","Mercado","Angelina","UG","4","SO","O240","C+","RE","angelina.s.mercado@fakeu.edu"
"29","666406274","Hyde","Gael","UG","4","SR","OTH8","B+","RE","gael.v.hyde@fakeu.edu"
"30","164554770","Johnson","Diego","UG","4","JR","OTH8","B+","RE","diego.a.johnson@fakeu.edu"
"31","918397781","Valdez","Luis","UG","4","FR","O209","A","RE","luis.g.valdez@fakeu.edu"
"32","109079980","Brooks","Julian","UG","4","SO","OT39","B","RE","julian.j.brooks@fakeu.edu"
"33","977575062","Ortega","Abigail","UG","4","SR","OTH8","B","RE","abigail.s.ortega@fakeu.edu"
"34","790030295","Wiggins","Stella","UG","4","SR","O251","A-","RE","stella.a.wiggins@fakeu.edu"
"35","416188362","Williams","Amelia","UG","4","SR","OT62","A","RE","amelia.c.williams@fakeu.edu"
"36","189113957","Le","Josiah","UG","4","JR","O224","B-","RE","josiah.i.le@fakeu.edu"
"37","762257531","Sharp","Noah","UG","4","JR","OT54","B","RE","noah.a.sharp@fakeu.edu"
"38","890300481","Smith","Isaac","UG","4","SO","OT35","B-","RE","isaac.j.smith@fakeu.edu"
"39","713012747","Vaughan","Jackson","UG","4","SR","O240","A","RE","jackson.i.vaughan@fakeu.edu"
"40","755634652","Turner","Valerie","UG","4","JR","OTH8","B+","RE","valerie.z.turner@fakeu.edu"
"41","907349816","Carter","Savannah","ND","4","ND","OTH2","B+","RE","savannah.j.carter@fakeu.edu"
""
"CID","TERM","SUBJ","CRSE","SEC","UNITS"
"47739","201106","ABC","107","1","4"
""
"INSTRUCTOR(S)","TYPE","DAYS","TIME","BUILD","ROOM"
"Diaz, Michelle H.","Lecture","MTW","8:00 AM - 9:40 AM","LH5","33"
"","Discussion","M","4:10 PM - 5:50 PM","TB3","167"
""
"SEAT","SID","SURNAME","PREFNAME","LEVEL","UNITS","CLASS","MAJOR","GRADE","STATUS","EMAIL"
"1","647285313","Adams","Elijah","UG","4","SR","O268","C+","RE","elijah.d.adams@fakeu.edu"
"2","275175919","Figueroa","Hunter","UG","4","SR","OT35","A","RE","hunter.l.figueroa@fakeu.edu"
"3","889915902","Johnson","Nicholas","UG","4","SR","ABC1","A","RE","nicholas.r.johnson@fakeu.edu"
"4","717849922","Crawford","Logan","UG","4","SR","ABC1","A-","RE","logan.g.crawford@fakeu.edu"
"5","180460374","Gardner","Lillian","UG","4","SR","ABC1","B+","RE","lillian.q.gardner@fakeu.edu"
"6","134516567","Jones","Tyler","UG","4","JR","ABC1","C+","RE","tyler.h.jones@fakeu.edu"
"7","986643289","Green","Nevaeh","UG","4","JR","OT35","B-","RE","nevaeh.j.green@fakeu.edu"
"8","804450101","Jones","Gavin","UG","4","JR","ABC1","A","RE","gavin.a.jones@fakeu.edu"
"9","364513374","Sanders","Mateo","UG","4","JR","ABC2","B+","RE","mateo.s.sanders@fakeu.edu"
"10","359351436","Nelson","Ella","UG","4","JR","ABC2","A-","RE","ella.h.nelson@fakeu.edu"
"11","103207710","Brady","Madison","UG","4","JR","ABC1","A","RE","madison.e.brady@fakeu.edu"
"12","686405287","Ingram","Josiah","UG","4","SR","O174","A","RE","josiah.e.ingram@fakeu.edu"
"13","226211530","Williams","Emily","UG","4","JR","ABC1","B+","RE","emily.s.williams@fakeu.edu"
"14","993695294","Ruiz","Ximena","UG","4","JR","ABC2","A","RE","ximena.v.ruiz@fakeu.edu"
"15","136805795","Smith","Jacob","UG","4","FR","ABC2","A","RE","jacob.u.smith@fakeu.edu"
"16","710576933","Steele","Samuel","ND","4","ND","OTH2","B","RE","samuel.v.steele@fakeu.edu"
"17","717055002","Robinson","Maya","UG","4","SR","ABC1","B-","RE","maya.d.robinson@fakeu.edu"
"18","280085886","Rivera","Melissa","UG","4","SR","ABC1","A-","RE","melissa.e.rivera@fakeu.edu"
"19","306975308","Romero","Giselle","UG","4","SO","ABC2","A+","RE","giselle.z.romero@fakeu.edu"
"20","780999472","Graham","Vanessa","UG","4","SR","OT39","F","RE","vanessa.a.graham@fakeu.edu"
"21","496725519","Tillman","Victoria","UG","4","SR","O238","A","RE","victoria.d.tillman@fakeu.edu"
"22","852634455","Hodges","Jose","UG","4","SO","ABC2","A","RE","jose.d.hodges@fakeu.edu"
"23","590718300","Hopper","Daisy","UG","4","JR","DEF2","C","RE","daisy.w.hopper@fakeu.edu"
"24","828512373","Mccarthy","Noah","UG","4","JR","O229","A","RE","noah.n.mccarthy@fakeu.edu"
"25","385234664","Perry","Zoey","UG","4","JR","OT42","A","RE","zoey.a.perry@fakeu.edu"
"26","311290388","Gallagher","Stephanie","UG","4","SR","OT39","D","RE","stephanie.h.gallagher@fakeu.edu"
"27","835745807","House","Caleb","UG","4","SO","ABC1","B-","RE","caleb.g.house@fakeu.edu"
"28","277455173","Bridges","Avery","UG","4","SR","ABC1","B","RE","avery.a.bridges@fakeu.edu"
"29","701591932","Smith","Michael","UG","4","FR","ABC1","A-","RE","michael.a.smith3@fakeu.edu"
"30","239042283","Garcia","Arianna","UG","4","FR","O144","B","RE","arianna.k.garcia@fakeu.edu"
"31","883255475","Phillips","Christopher","UG","4","SO","DEF2","A","RE","christopher.b.phillips@fakeu.edu"
"32","744703777","Lambert","Aubrey","UG","4","SO","ABC1","B-","RE","aubrey.z.lambert@fakeu.edu"
"33","202864471","Martinez","Abigail","UG","4","SO","O223","A","RE","abigail.k.martinez@fakeu.edu"
"34","540935564","House","Aaron","UG","4","SR","OT21","C","RE","aaron.r.house@fakeu.edu"
"35","218175458","Armstrong","Bryan","UG","4","SR","DEF1","I","RE","bryan.j.armstrong@fakeu.edu"
"36","641174010","Stout","Ethan","UG","4","SR","O223","B-","RE","ethan.e.stout@fakeu.edu"
"37","978257719","Cameron","Jacob","UG","4","JR","ABC1","A","RE","jacob.m.cameron@fakeu.edu"
"38","276535698","Ward","Julian","UG","4","SR","ABC1","C","RE","julian.r.ward@fakeu.edu"
"39","988796729","Carson","Jordan","UG","4","FR","DEF2","F","RE","jordan.s.carson@fakeu.edu"
"40","475263652","Williams","Christian","UG","4","JR","ABC2","B+","RE","christian.b.williams@fakeu.edu"
"41","602129065","Turner","Sebastian","UG","4","FR","O279","F","RE","sebastian.j.turner@fakeu.edu"
"42","811733727","Mann","Hailey","UG","4","JR","ABC1","B+","RE","hailey.d.mann@fakeu.edu"
"43","992476590","Larsen","Joseph","UG","4","JR","ABC1","A","RE","joseph.j.larsen@fakeu.edu"
"44","335432642","Huffman","Melanie","UG","4","JR","OT16","A","RE","melanie.a.huffman@fakeu.edu"
""
"CID","TERM","SUBJ","CRSE","SEC","UNITS"
"13032","201106","ABC","108","1","4"
""
"INSTRUCTOR(S)","TYPE","DAYS","TIME","BUILD","ROOM"
"Diaz, Michelle H.","Lecture","MTW","2:10 PM - 3:50 PM","LH5","38"
"","Discussion","W","4:10 PM - 5:50 PM","LH5","38"
""
"SEAT","SID","SURNAME","PREFNAME","LEVEL","UNITS","CLASS","MAJOR","GRADE","STATUS","EMAIL"
"1","113569771","Williams","Isaiah","UG","4","SR","O174","A","RE","isaiah.d.williams@fakeu.edu"
"2","275175919","Figueroa","Hunter","UG","4","SR","OT35","A","RE","hunter.l.figueroa@fakeu.edu"
"3","240444242","Collins","Noah","UG","4","SR","ABC1","F","RE","noah.v.collins@fakeu.edu"
"4","375343680","Rosales","Liliana","UG","4","SR","OT68","A","RE","liliana.v.rosales@fakeu.edu"
"5","462605040","Jones","Olivia","UG","4","SR","OTH8","C","RE","olivia.l.jones@fakeu.edu"
"6","908003318","Long","Eva","UG","4","SR","ABC1","B+","RE","eva.c.long@fakeu.edu"
"7","365575081","Richardson","Abigail","UG","4","SR","DEF1","C-","RE","abigail.a.richardson@fakeu.edu"
"8","660658473","Garcia","Sophia","UG","4","SR","OT21","A","RE","sophia.l.garcia@fakeu.edu"
"9","493986411","Johnson","Mia","UG","4","SR","ABC1","B+","RE","mia.a.johnson@fakeu.edu"
"10","421341989","Taylor","Aaliyah","UG","4","SR","ABC1","A","RE","aaliyah.v.taylor@fakeu.edu"
"11","632662773","Fox","Wyatt","UG","4","SR","ABC2","C-","RE","wyatt.j.fox@fakeu.edu"
"12","473208056","Brown","Christian","UG","4","SR","OT35","A","RE","christian.i.brown@fakeu.edu"
"13","864218618","Diaz","Josiah","UG","4","SR","DEF2","C","RE","josiah.a.diaz@fakeu.edu"
"14","256133144","Hammond","Owen","UG","4","SR","O224","A","RE","owen.j.hammond@fakeu.edu"
"15","579656960","Scott","Madison","UG","4","SR","DEF1","A-","RE","madison.a.scott@fakeu.edu"
"16","646189484","Clark","Mila","UG","4","SR","OT39","A-","RE","mila.d.clark@fakeu.edu"
"17","672338740","Cole","Isaac","UG","4","SR","DEF2","A","RE","isaac.k.cole@fakeu.edu"
"18","417406058","Allen","Ayden","UG","4","JR","OT39","C+","RE","ayden.m.allen@fakeu.edu"
"19","101167555","Mccarthy","Jason","UG","4","SR","ABC1","C-","RE","jason.s.mccarthy@fakeu.edu"
"20","506428160","Thomas","Caleb","UG","4","JR","DEF2","C+","RE","caleb.h.thomas@fakeu.edu"
"21","276535698","Ward","Julian","UG","4","SR","ABC1","C","RE","julian.r.ward@fakeu.edu"
"22","189180479","Lamb","Charlotte","UG","4","JR","ABC1","C+","RE","charlotte.v.lamb@fakeu.edu"
"23","826895086","Barber","Carlos","UG","4","JR","ABC1","C+","RE","carlos.k.barber@fakeu.edu"
"24","986643289","Green","Nevaeh","UG","4","JR","OT35","C","RE","nevaeh.j.green@fakeu.edu"
"25","348233927","Wade","Abigail","UG","4","JR","ABC1","B-","RE","abigail.m.wade@fakeu.edu"
"26","622527057","Brown","Mia","UG","4","JR","ABC1","F","RE","mia.a.brown@fakeu.edu"
"27","598871752","Taylor","Joseph","UG","4","JR","DEF1","B-","RE","joseph.n.taylor@fakeu.edu"
"28","364513374","Sanders","Mateo","UG","4","JR","ABC2","B-","RE","mateo.s.sanders@fakeu.edu"
"29","562008544","Robinson","Aiden","UG","4","JR","ABC1","C","RE","aiden.v.robinson@fakeu.edu"
"30","811733727","Mann","Hailey","UG","4","JR","ABC1","C-","RE","hailey.d.mann@fakeu.edu"
"31","987561568","Ferguson","Christian","UG","4","JR","DEF2","D-","RE","christian.j.ferguson@fakeu.edu"
"32","271430398","Frost","Natalia","UG","4","SR","DEF2","F","RE","natalia.b.frost@fakeu.edu"
"33","605565392","Buck","Joshua","UG","4","JR","OT68","C+","RE","joshua.c.buck@fakeu.edu"
"34","215130399","Duncan","Adam","UG","4","SR","OT21","C","RE","adam.j.duncan@fakeu.edu"
"35","738344767","Andrews","Xavier","UG","4","JR","ABC1","F","RE","xavier.g.andrews@fakeu.edu"
"36","528118670","Peterson","Santiago","UG","4","JR","DEF2","F","RE","santiago.c.peterson@fakeu.edu"
"37","309406573","Holloway","Emma","UG","4","JR","ABC1","B-","RE","emma.e.holloway@fakeu.edu"
"38","468886120","Marshall","Mason","UG","4","SO","ABC2","B+","RE","mason.m.marshall@fakeu.edu"
"39","775717415","Smith","Gianna","UG","4","JR","ABC1","B+","RE","gianna.d.smith@fakeu.edu"
"40","717196628","Rios","Diego","UG","4","SR","O226","B-","RE","diego.d.rios@fakeu.edu"
"41","495131676","Williams","Tyler","UG","4","SR","ABC1","B","RE","tyler.b.williams1@fakeu.edu"
"42","438258080","Sullivan","Camila","UG","4","SR","OTH8","C","RE","camila.j.sullivan@fakeu.edu"
"43","744760324","Whitehead","Isaac","UG","4","JR","ABC1","F","RE","isaac.a.whitehead@fakeu.edu"
"44","250500921","Luna","Zoe","UG","4","JR","ABC2","B-","RE","zoe.j.luna@fakeu.edu"
"45","259905777","Hoover","Ethan","UG","4","JR","DEF1","B","RE","ethan.i.hoover@fakeu.edu"
"46","982772144","Ferguson","Aiden","GR","4","D2","O107","A+","RE","aiden.j.ferguson@fakeu.edu"
"47","311290388","Gallagher","Stephanie","UG","4","SR","OT39","F","RE","stephanie.h.gallagher@fakeu.edu"
"48","828998645","Jackson","Kevin","UG","4","SR","OT42","B","RE","kevin.a.jackson@fakeu.edu"
"49","404424967","Hanson","Jayden","UG","4","JR","ABC1","B+","RE","jayden.a.hanson1@fakeu.edu"
"50","293055445","Velasquez","Leah","GR","4","GM","O102","A","RE","leah.d.velasquez@fakeu.edu"
"51","232345531","Williams","Andres","UG","4","SR","ABC1","A","RE","andres.l.williams@fakeu.edu"
"52","952536640","Mullins","Vincent","UG","4","SR","ABC1","C+","RE","vincent.j.mullins@fakeu.edu"
"53","667739856","Torres","Sophia","UG","4","JR","ABC1","A","RE","sophia.d.torres@fakeu.edu"
"54","831270465","Davenport","Ivan","GR","4","D1","O276","A","RE","ivan.j.davenport@fakeu.edu"
"55","492469800","Williams","Aubrey","UG","4","SR","ABC1","B","RE","aubrey.r.williams@fakeu.edu"
"56","225695130","Williams","Aaliyah","UG","4","JR","ABC2","B","RE","aaliyah.b.williams@fakeu.edu"
"57","825121643","Wolf","Mia","UG","4","JR","ABC2","B-","RE","mia.a.wolf@fakeu.edu"
""
"CID","TERM","SUBJ","CRSE","SEC","UNITS"
"16011","201106","ABC","112","0","1.000 - 5.000"
""
"INSTRUCTOR(S)","TYPE","DAYS","TIME","BUILD","ROOM"
"","Internship","","","",""
""
"SEAT","SID","SURNAME","PREFNAME","LEVEL","UNITS","CLASS","MAJOR","GRADE","STATUS","EMAIL"
""
"CID","TERM","SUBJ","CRSE","SEC","UNITS"
"11905","201106","ABC","112","1","1.000 - 5.000"
""
"INSTRUCTOR(S)","TYPE","DAYS","TIME","BUILD","ROOM"
"","Internship","","","",""
""
"SEAT","SID","SURNAME","PREFNAME","LEVEL","UNITS","CLASS","MAJOR","GRADE","STATUS","EMAIL"
""
"CID","TERM","SUBJ","CRSE","SEC","UNITS"
"89406","201106","ABC","112","2","1.000 - 5.000"
""
"INSTRUCTOR(S)","TYPE","DAYS","TIME","BUILD","ROOM"
"Perry, Katherine V.","Internship","","","",""
""
"SEAT","SID","SURNAME","PREFNAME","LEVEL","UNITS","CLASS","MAJOR","GRADE","STATUS","EMAIL"
""
"CID","TERM","SUBJ","CRSE","SEC","UNITS"
"31757","201106","ABC","113","0","1.000 - 5.000"
""
"INSTRUCTOR(S)","TYPE","DAYS","TIME","BUILD","ROOM"
"","Variable","","","",""
""
"SEAT","SID","SURNAME","PREFNAME","LEVEL","UNITS","CLASS","MAJOR","GRADE","STATUS","EMAIL"
""
"CID","TERM","SUBJ","CRSE","SEC","UNITS"
"29564","201106","ABC","113","1","1.000 - 5.000"
""
"INSTRUCTOR(S)","TYPE","DAYS","TIME","BUILD","ROOM"
"","Variable","","","",""
""
"SEAT","SID","SURNAME","PREFNAME","LEVEL","UNITS","CLASS","MAJOR","GRADE","STATUS","EMAIL"
""
"CID","TERM","SUBJ","CRSE","SEC","UNITS"
"48006","201106","ABC","113","2","1.000 - 5.000"
""
"INSTRUCTOR(S)","TYPE","DAYS","TIME","BUILD","ROOM"
"Perry, Katherine V.","Variable","","","",""
""
"SEAT","SID","SURNAME","PREFNAME","LEVEL","UNITS","CLASS","MAJOR","GRADE","STATUS","EMAIL"
""
"CID","TERM","SUBJ","CRSE","SEC","UNITS"
"80943","201106","ABC","114","0","1.000 - 5.000"
""
"INSTRUCTOR(S)","TYPE","DAYS","TIME","BUILD","ROOM"
"","Variable","","","",""
""
"SEAT","SID","SURNAME","PREFNAME","LEVEL","UNITS","CLASS","MAJOR","GRADE","STATUS","EMAIL"
""
"CID","TERM","SUBJ","CRSE","SEC","UNITS"
"88280","201106","ABC","114","1","1.000 - 5.000"
""
"INSTRUCTOR(S)","TYPE","DAYS","TIME","BUILD","ROOM"
"","Variable","","","",""
""
"SEAT","SID","SURNAME","PREFNAME","LEVEL","UNITS","CLASS","MAJOR","GRADE","STATUS","EMAIL"
""
"CID","TERM","SUBJ","CRSE","SEC","UNITS"
"77894","201106","ABC","114","2","1.000 - 5.000"
""
"INSTRUCTOR(S)","TYPE","DAYS","TIME","BUILD","ROOM"
"Perry, Katherine V.","Variable","","","",""
""
"SEAT","SID","SURNAME","PREFNAME","LEVEL","UNITS","CLASS","MAJOR","GRADE","STATUS","EMAIL"
""
"CID","TERM","SUBJ","CRSE","SEC","UNITS"
"62652","201106","ABC","221","1","4"
""
"INSTRUCTOR(S)","TYPE","DAYS","TIME","BUILD","ROOM"
"Diaz, Michelle H.","Lecture","TR","11:00 AM - 1:30 PM","LH4","67"
"","Discussion","T","4:10 PM - 5:50 PM","MB1","1040"
""
"SEAT","SID","SURNAME","PREFNAME","LEVEL","UNITS","CLASS","MAJOR","GRADE","STATUS","EMAIL"
"1","466163347","Moore","Olivia","UG","4","SR","OT39","A","RE","olivia.x.moore1@fakeu.edu"
"2","831270465","Davenport","Ivan","GR","4","D1","O276","A","RE","ivan.j.davenport@fakeu.edu"
"3","862233069","Butler","Evelyn","UG","4","SR","OT28","A-","RE","evelyn.e.butler@fakeu.edu"
"4","462583524","Mcfarland","James","UG","4","SR","ABC1","B-","RE","james.a.mcfarland@fakeu.edu"
"5","616374537","Johnson","Brayden","UG","4","SR","ABC1","B","RE","brayden.a.johnson@fakeu.edu"
"6","958880032","Gibbs","Landon","UG","4","SR","OT39","A","RE","landon.s.gibbs@fakeu.edu"
"7","471999977","Horton","Jonathan","UG","4","SR","ABC1","D","RE","jonathan.c.horton@fakeu.edu"
"8","745945383","Peterson","Angel","UG","4","SR","ABC1","A","RE","angel.e.peterson@fakeu.edu"
"9","296060853","Wright","Natalia","UG","4","SR","ABC1","A","RE","natalia.k.wright@fakeu.edu"
"10","124615364","Reid","Eric","UG","4","SR","ABC1","B-","RE","eric.a.reid@fakeu.edu"
"11","276787096","Boyd","Aiden","UG","4","SR","DEF2","B","RE","aiden.s.boyd@fakeu.edu"
"12","464978419","Mills","Mason","UG","4","SR","ABC1","A-","RE","mason.t.mills@fakeu.edu"
"13","187266829","Ramos","Liam","UG","4","SR","ABC1","A","RE","liam.e.ramos@fakeu.edu"
"14","102768025","Gibbs","Jose","UG","4","SR","DEF2","A","RE","jose.j.gibbs@fakeu.edu"
"15","342793744","Holland","Stella","UG","4","SR","DEF1","A","RE","stella.v.holland@fakeu.edu"
"16","918987988","Quinn","Alexa","UG","4","SR","ABC1","A","RE","alexa.b.quinn@fakeu.edu"
"17","754795178","Porter","Michael","UG","4","SR","ABC1","C-","RE","michael.i.porter@fakeu.edu"
"18","118332339","Roberts","Julian","UG","4","JR","ABC1","F","RE","julian.s.roberts@fakeu.edu"
"19","497516752","Thompson","Connor","UG","4","SR","ABC1","A-","RE","connor.l.thompson@fakeu.edu"
"20","643608016","Mcdonald","Victor","UG","4","SR","ABC1","C","RE","victor.o.mcdonald@fakeu.edu"
"21","642857140","Meyer","Dylan","UG","4","SR","ABC1","A-","RE","dylan.e.meyer@fakeu.edu"
"22","784375225","Robinson","Allison","UG","4","SR","OTH7","A+","RE","allison.j.robinson@fakeu.edu"
"23","323006431","Cherry","Noah","UG","4","SR","ABC1","A","RE","noah.n.cherry@fakeu.edu"
"24","832977470","Adams","Nathan","UG","4","SR","ABC1","B-","RE","nathan.j.adams@fakeu.edu"
"25","753822553","Davis","Alexander","UG","4","JR","ABC2","B+","RE","alexander.j.davis@fakeu.edu"
"26","661744411","Castro","Alex","UG","4","SR","ABC1","Y","RE","alex.u.castro@fakeu.edu"
"27","536244367","Lopez","Samuel","UG","4","JR","ABC1","A-","RE","samuel.m.lopez@fakeu.edu"
"28","182910311","Ellis","Scarlett","UG","4","JR","ABC1","F","RE","scarlett.k.ellis@fakeu.edu"
"29","458323741","Wilson","Samantha","UG","4","JR","ABC1","A","RE","samantha.h.wilson@fakeu.edu"
"30","522268959","Robinson","Thomas","UG","4","JR","ABC1","B+","RE","thomas.j.robinson@fakeu.edu"
"31","429748477","Smith","Jack","UG","4","JR","ABC1","B","RE","jack.a.smith@fakeu.edu"
"32","562222230","Clark","Jayden","UG","4","JR","ABC1","F","RE","jayden.a.clark@fakeu.edu"
"33","666385327","Salas","Ariana","UG","4","JR","ABC2","B+","RE","ariana.d.salas@fakeu.edu"
"34","376979486","Harding","Delilah","UG","4","JR","ABC2","A","RE","delilah.x.harding@fakeu.edu"
"35","885519114","Brown","Diego","UG","4","JR","ABC2","D-","RE","diego.n.brown@fakeu.edu"
"36","926861009","Marshall","Alyssa","UG","4","JR","ABC2","B+","RE","alyssa.l.marshall@fakeu.edu"
"37","914725184","Davis","Noah","UG","4","JR","ABC1","A-","RE","noah.j.davis1@fakeu.edu"
"38","462034920","Baker","Victoria","UG","4","JR","ABC1","A","RE","victoria.j.baker@fakeu.edu"
"39","725255344","Flynn","Daniel","UG","4","JR","ABC1","D+","RE","daniel.a.flynn@fakeu.edu"
"40","923736919","Wright","Jason","UG","4","JR","ABC2","B","RE","jason.b.wright@fakeu.edu"
"41","401712579","Robinson","Abigail","UG","4","JR","ABC2","C","RE","abigail.d.robinson@fakeu.edu"
"42","292980716","Watson","Michelle","UG","4","JR","ABC1","B-","RE","michelle.b.watson@fakeu.edu"
"43","522465516","Mckinney","Melanie","UG","4","JR","ABC1","A","RE","melanie.l.mckinney@fakeu.edu"
"44","599528839","Williams","Jose","UG","4","JR","ABC1","A","RE","jose.a.williams1@fakeu.edu"
"45","791467984","Patterson","Andrea","UG","4","JR","ABC1","C+","RE","andrea.d.patterson@fakeu.edu"
"46","429660233","Scott","Lucas","UG","4","SO","ABC2","A","RE","lucas.a.scott@fakeu.edu"
"47","564309330","Johnson","Ryan","UG","4","JR","ABC1","A","RE","ryan.k.johnson@fakeu.edu"
"48","402062327","Martinez","Natalia","UG","4","SO","ABC1","A","RE","natalia.l.martinez@fakeu.edu"
"49","222744293","Miller","Noah","UG","4","JR","ABC1","B-","RE","noah.a.miller@fakeu.edu"
"50","263935323","Austin","Dominic","UG","4","JR","ABC1","A","RE","dominic.j.austin1@fakeu.edu"
"51","264942524","Austin","Isaac","UG","4","JR","ABC2","A","RE","isaac.l.austin@fakeu.edu"
"52","914963200","Hamilton","Emily","UG","4","JR","OT35","B","RE","emily.n.hamilton@fakeu.edu"
"53","574121687","Mercer","Ryan","UG","4","SR","ABC1","A","RE","ryan.d.mercer@fakeu.edu"
"54","970466401","Cannon","Jacob","UG","4","SR","O104","A","RE","jacob.j.cannon@fakeu.edu"
"55","347817501","Woodard","Logan","UG","4","SR","ABC1","B-","RE","logan.a.woodard@fakeu.edu"
"56","805136668","Barnett","Joseph","UG","4","SR","ABC1","C+","RE","joseph.a.barnett@fakeu.edu"
"57","676952932","Robinson","Michelle","UG","4","SR","ABC1","C+","RE","michelle.y.robinson@fakeu.edu"
"58","183372514","Davis","Joshua","UG","4","SR","ABC1","C","RE","joshua.j.davis@fakeu.edu"
"59","906641066","Barnes","Nathaniel","UG","4","JR","ABC2","A-","RE","nathaniel.m.barnes@fakeu.edu"
"60","152036970","Mccarty","Joshua","UG","4","SR","ABC1","C","RE","joshua.s.mccarty@fakeu.edu"
"61","594305429","Woods","Sophia","GR","4","GM","O102","A","RE","sophia.j.woods@fakeu.edu"
"62","389019200","Gonzalez","Victor","UG","4","SR","ABC1","C-","RE","victor.e.gonzalez@fakeu.edu"
"63","637790124","Jensen","William","UG","4","SO","ABC1","F","RE","william.a.jensen@fakeu.edu"
"64","307919189","White","Jeremiah","UG","4","SR","O211","F","RE","jeremiah.n.white@fakeu.edu"
"65","218129144","Lee","Julian","ND","4","ND","OTH2","C","RE","julian.a.lee1@fakeu.edu"
""
"CID","TERM","SUBJ","CRSE","SEC","UNITS"
"31049","201106","ABC","241","1","4"
""
"INSTRUCTOR(S)","TYPE","DAYS","TIME","BUILD","ROOM"
"Moore, Isabella M.","Lecture/Discussion","TW","2:10 PM - 4:40 PM","LH5","29"
"","Lecture/Discussion","R","2:10 PM - 3:50 PM","LH5","29"
""
"SEAT","SID","SURNAME","PREFNAME","LEVEL","UNITS","CLASS","MAJOR","GRADE","STATUS","EMAIL"
"1","647285313","Adams","Elijah","UG","4","SR","O268","A","RE","elijah.d.adams@fakeu.edu"
"2","721990104","Johns","Robert","UG","4","SR","ABC1","A","RE","robert.n.johns@fakeu.edu"
"3","743430855","Rogers","Christopher","UG","4","SR","ABC1","B","RE","christopher.l.rogers@fakeu.edu"
"4","862233069","Butler","Evelyn","UG","4","SR","OT28","B+","RE","evelyn.e.butler@fakeu.edu"
"5","105621516","Gomez","Jacob","UG","4","SR","ABC1","B+","RE","jacob.a.gomez@fakeu.edu"
"6","183803604","Grant","Luis","UG","4","SR","ABC1","A","RE","luis.n.grant@fakeu.edu"
"7","795980219","Hale","Emily","UG","4","SR","ABC1","A","RE","emily.e.hale@fakeu.edu"
"8","294371233","Lee","Brianna","UG","4","SR","ABC1","B+","RE","brianna.a.lee@fakeu.edu"
"9","239524608","Garza","Andrea","UG","4","SR","ABC1","B+","RE","andrea.a.garza@fakeu.edu"
"10","758536994","Roy","Angel","UG","4","SR","OT48","A+","RE","angel.c.roy@fakeu.edu"
"11","165028616","Hahn","Gavin","UG","4","SR","ABC1","A","RE","gavin.j.hahn@fakeu.edu"
"12","502805512","Roberts","Evelyn","UG","4","SR","ABC1","A","RE","evelyn.r.roberts@fakeu.edu"
"13","893484519","Cruz","Valentina","UG","4","SR","OT48","B+","RE","valentina.l.cruz@fakeu.edu"
"14","259032946","Davis","Matthew","UG","4","SR","ABC1","A-","RE","matthew.v.davis@fakeu.edu"
"15","877360360","Jones","Nathan","UG","4","SR","ABC2","B+","RE","nathan.q.jones@fakeu.edu"
"16","525150325","Wood","Mia","UG","4","SR","ABC1","A-","RE","mia.l.wood@fakeu.edu"
"17","973956271","Berger","Mia","UG","4","SR","OT21","A-","RE","mia.c.berger@fakeu.edu"
"18","922146021","Hudson","Noah","UG","4","SR","ABC1","B+","RE","noah.s.hudson@fakeu.edu"
"19","225240014","Rivera","Evan","UG","4","SR","DEF1","A-","RE","evan.j.rivera@fakeu.edu"
"20","504980191","Carpenter","Dylan","UG","4","SR","ABC1","B","RE","dylan.d.carpenter@fakeu.edu"
"21","331931728","Miller","Lucas","UG","4","SR","DEF1","B+","RE","lucas.l.miller@fakeu.edu"
"22","168059371","Medina","Abigail","UG","4","SR","ABC1","A-","RE","abigail.e.medina@fakeu.edu"
"23","739690943","Gibson","Jade","UG","4","SR","DEF1","B+","RE","jade.v.gibson@fakeu.edu"
"24","900648155","Trevino","Elizabeth","UG","4","SR","ABC1","A-","RE","elizabeth.a.trevino@fakeu.edu"
"25","918687126","Hines","Matthew","UG","4","SR","ABC1","B+","RE","matthew.q.hines@fakeu.edu"
"26","273927176","Allen","Alejandro","UG","4","SR","ABC1","B+","RE","alejandro.j.allen@fakeu.edu"
"27","617981805","Johnson","Michelle","UG","4","SR","ABC1","A","RE","michelle.v.johnson@fakeu.edu"
"28","180460374","Gardner","Lillian","UG","4","SR","ABC1","B+","RE","lillian.q.gardner@fakeu.edu"
"29","267643481","Powell","Emma","UG","4","SR","ABC1","B","RE","emma.s.powell@fakeu.edu"
"30","782857338","Martinez","Julian","UG","4","SR","ABC1","A-","RE","julian.a.martinez@fakeu.edu"
"31","220481006","Moore","William","UG","4","SR","ABC1","A-","RE","william.c.moore@fakeu.edu"
"32","385317086","Jones","Mia","UG","4","SR","ABC1","A-","RE","mia.l.jones@fakeu.edu"
"33","553674873","Larson","Melody","UG","4","SR","ABC2","A","RE","melody.a.larson@fakeu.edu"
""
"CID","TERM","SUBJ","CRSE","SEC","UNITS"
"78499","201106","ABC","251","0","1"
""
"INSTRUCTOR(S)","TYPE","DAYS","TIME","BUILD","ROOM"
"","Discussion","","","",""
""
"SEAT","SID","SURNAME","PREFNAME","LEVEL","UNITS","CLASS","MAJOR","GRADE","STATUS","EMAIL"
""
"CID","TERM","SUBJ","CRSE","SEC","UNITS"
"99004","201106","ABC","251","1","1"
""
"INSTRUCTOR(S)","TYPE","DAYS","TIME","BUILD","ROOM"
"","Discussion","","","",""
""
"SEAT","SID","SURNAME","PREFNAME","LEVEL","UNITS","CLASS","MAJOR","GRADE","STATUS","EMAIL"
""
"CID","TERM","SUBJ","CRSE","SEC","UNITS"
"59097","201106","ABC","251","2","1"
""
"INSTRUCTOR(S)","TYPE","DAYS","TIME","BUILD","ROOM"
"Perry, Katherine V.","Discussion","","","",""
""
"SEAT","SID","SURNAME","PREFNAME","LEVEL","UNITS","CLASS","MAJOR","GRADE","STATUS","EMAIL"
""
"CID","TERM","SUBJ","CRSE","SEC","UNITS"
"76229","201106","ABC","251","29","1"
""
"INSTRUCTOR(S)","TYPE","DAYS","TIME","BUILD","ROOM"
"","Discussion","","","",""
""
"SEAT","SID","SURNAME","PREFNAME","LEVEL","UNITS","CLASS","MAJOR","GRADE","STATUS","EMAIL"
""
"CID","TERM","SUBJ","CRSE","SEC","UNITS"
"52506","201106","ABC","253","0","1.000 - 5.000"
""
"INSTRUCTOR(S)","TYPE","DAYS","TIME","BUILD","ROOM"
"","Internship","","","",""
""
"SEAT","SID","SURNAME","PREFNAME","LEVEL","UNITS","CLASS","MAJOR","GRADE","STATUS","EMAIL"
""
"CID","TERM","SUBJ","CRSE","SEC","UNITS"
"88854","201106","ABC","253","1","1.000 - 5.000"
""
"INSTRUCTOR(S)","TYPE","DAYS","TIME","BUILD","ROOM"
"","Internship","","","",""
""
"SEAT","SID","SURNAME","PREFNAME","LEVEL","UNITS","CLASS","MAJOR","GRADE","STATUS","EMAIL"
"1","723777755","Nichols","Gabriella","UG","1","SR","ABC1","P","RE","gabriella.g.nichols@fakeu.edu"
"2","883972231","Martinez","James","UG","1","SR","ABC1","P","RE","james.k.martinez@fakeu.edu"
"3","478243968","Scott","Robert","UG","1","SR","ABC1","P","RE","robert.a.scott@fakeu.edu"
"4","239618917","Dillon","Alejandro","UG","5","JR","ABC1","P","RE","alejandro.j.dillon@fakeu.edu"
"5","185905783","Bowers","Olivia","UG","5","SR","ABC1","P","RE","olivia.u.bowers@fakeu.edu"
"6","209856179","Holland","Noah","ND","1","ND","O253","P","RE","noah.m.holland@fakeu.edu"
"7","949340110","Jacobson","Bryan","UG","4","SR","ABC2","P","RE","bryan.v.jacobson@fakeu.edu"
"8","784793741","Williams","Josiah","UG","4","SR","ABC1","P","RE","josiah.d.williams@fakeu.edu"
"9","325437634","Austin","Tyler","ND","1","ND","O253","P","RE","tyler.j.austin@fakeu.edu"
"10","907480639","Dunlap","William","ND","1","ND","O253","P","RE","william.d.dunlap@fakeu.edu"
"11","343128723","Rice","Naomi","UG","4","SR","OT21","P","RE","naomi.n.rice@fakeu.edu"
"12","295506267","Stafford","Angel","UG","1","JR","OTH8","P","RE","angel.s.stafford@fakeu.edu"
"13","651595818","Hodge","Elizabeth","UG","4","SR","ABC1","P","RE","elizabeth.h.hodge@fakeu.edu"
"14","698497262","Long","Daniel","GR","0","GM","O280","P","RA","daniel.g.long@fakeu.edu"
""
"CID","TERM","SUBJ","CRSE","SEC","UNITS"
"95101","201106","ABC","253","2","1.000 - 5.000"
""
"INSTRUCTOR(S)","TYPE","DAYS","TIME","BUILD","ROOM"
"Perry, Katherine V.","Internship","","","",""
""
"SEAT","SID","SURNAME","PREFNAME","LEVEL","UNITS","CLASS","MAJOR","GRADE","STATUS","EMAIL"
""
"CID","TERM","SUBJ","CRSE","SEC","UNITS"
"82411","201106","ABC","256","0","1.000 - 5.000"
""
"INSTRUCTOR(S)","TYPE","DAYS","TIME","BUILD","ROOM"
"","Variable","","","",""
""
"SEAT","SID","SURNAME","PREFNAME","LEVEL","UNITS","CLASS","MAJOR","GRADE","STATUS","EMAIL"
""
"CID","TERM","SUBJ","CRSE","SEC","UNITS"
"59628","201106","ABC","256","1","1.000 - 5.000"
""
"INSTRUCTOR(S)","TYPE","DAYS","TIME","BUILD","ROOM"
"","Variable","","","",""
""
"SEAT","SID","SURNAME","PREFNAME","LEVEL","UNITS","CLASS","MAJOR","GRADE","STATUS","EMAIL"
""
"CID","TERM","SUBJ","CRSE","SEC","UNITS"
"26544","201106","ABC","256","2","1.000 - 5.000"
""
"INSTRUCTOR(S)","TYPE","DAYS","TIME","BUILD","ROOM"
"Perry, Katherine V.","Variable","","","",""
""
"SEAT","SID","SURNAME","PREFNAME","LEVEL","UNITS","CLASS","MAJOR","GRADE","STATUS","EMAIL"
""
"CID","TERM","SUBJ","CRSE","SEC","UNITS"
"32311","201106","ABC","261","0","1.000 - 5.000"
""
"INSTRUCTOR(S)","TYPE","DAYS","TIME","BUILD","ROOM"
"","Variable","","","",""
""
"SEAT","SID","SURNAME","PREFNAME","LEVEL","UNITS","CLASS","MAJOR","GRADE","STATUS","EMAIL"
""
"CID","TERM","SUBJ","CRSE","SEC","UNITS"
"88215","201106","ABC","261","1","1.000 - 5.000"
""
"INSTRUCTOR(S)","TYPE","DAYS","TIME","BUILD","ROOM"
"","Variable","","","",""
""
"SEAT","SID","SURNAME","PREFNAME","LEVEL","UNITS","CLASS","MAJOR","GRADE","STATUS","EMAIL"
""
"CID","TERM","SUBJ","CRSE","SEC","UNITS"
"83677","201106","ABC","261","2","1.000 - 5.000"
""
"INSTRUCTOR(S)","TYPE","DAYS","TIME","BUILD","ROOM"
"Perry, Katherine V.","Variable","","","",""
""
"SEAT","SID","SURNAME","PREFNAME","LEVEL","UNITS","CLASS","MAJOR","GRADE","STATUS","EMAIL"
""
"CID","TERM","SUBJ","CRSE","SEC","UNITS"
"71741","201106","ABC","261","29","1.000 - 5.000"
""
"INSTRUCTOR(S)","TYPE","DAYS","TIME","BUILD","ROOM"
"","Variable","","","",""
""
"SEAT","SID","SURNAME","PREFNAME","LEVEL","UNITS","CLASS","MAJOR","GRADE","STATUS","EMAIL"
""
"CID","TERM","SUBJ","CRSE","SEC","UNITS"
"31323","201106","ABC","371","0","1"
""
"INSTRUCTOR(S)","TYPE","DAYS","TIME","BUILD","ROOM"
"","Discussion","","","",""
""
"SEAT","SID","SURNAME","PREFNAME","LEVEL","UNITS","CLASS","MAJOR","GRADE","STATUS","EMAIL"
""
"CID","TERM","SUBJ","CRSE","SEC","UNITS"
"28850","201106","ABC","371","1","1"
""
"INSTRUCTOR(S)","TYPE","DAYS","TIME","BUILD","ROOM"
"","Discussion","","","",""
""
"SEAT","SID","SURNAME","PREFNAME","LEVEL","UNITS","CLASS","MAJOR","GRADE","STATUS","EMAIL"
""
"CID","TERM","SUBJ","CRSE","SEC","UNITS"
"50134","201106","ABC","371","2","1"
""
"INSTRUCTOR(S)","TYPE","DAYS","TIME","BUILD","ROOM"
"Perry, Katherine V.","Discussion","","","",""
""
"SEAT","SID","SURNAME","PREFNAME","LEVEL","UNITS","CLASS","MAJOR","GRADE","STATUS","EMAIL"
""
"CID","TERM","SUBJ","CRSE","SEC","UNITS"
"84803","201106","ABC","371","17","1"
""
"INSTRUCTOR(S)","TYPE","DAYS","TIME","BUILD","ROOM"
"Rutledge, Ashley B.","Discussion","","","",""
""
"SEAT","SID","SURNAME","PREFNAME","LEVEL","UNITS","CLASS","MAJOR","GRADE","STATUS","EMAIL"
""
"CID","TERM","SUBJ","CRSE","SEC","UNITS"
"16480","201106","ABC","371","23","1"
""
"INSTRUCTOR(S)","TYPE","DAYS","TIME","BUILD","ROOM"
"Donaldson, Matthew C.","Discussion","","","",""
""
"SEAT","SID","SURNAME","PREFNAME","LEVEL","UNITS","CLASS","MAJOR","GRADE","STATUS","EMAIL"
""
"CID","TERM","SUBJ","CRSE","SEC","UNITS"
"75706","201106","ABC","371","30","1"
""
"INSTRUCTOR(S)","TYPE","DAYS","TIME","BUILD","ROOM"
"","Discussion","","","",""
""
"SEAT","SID","SURNAME","PREFNAME","LEVEL","UNITS","CLASS","MAJOR","GRADE","STATUS","EMAIL"
""
"CID","TERM","SUBJ","CRSE","SEC","UNITS"
"75020","201106","ABC","371","34","1"
""
"INSTRUCTOR(S)","TYPE","DAYS","TIME","BUILD","ROOM"
"","Discussion","","","",""
""
"SEAT","SID","SURNAME","PREFNAME","LEVEL","UNITS","CLASS","MAJOR","GRADE","STATUS","EMAIL"
""
"CID","TERM","SUBJ","CRSE","SEC","UNITS"
"48247","201106","ABC","375","0","1.000 - 5.000"
""
"INSTRUCTOR(S)","TYPE","DAYS","TIME","BUILD","ROOM"
"","Variable","","","",""
""
"SEAT","SID","SURNAME","PREFNAME","LEVEL","UNITS","CLASS","MAJOR","GRADE","STATUS","EMAIL"
""
"CID","TERM","SUBJ","CRSE","SEC","UNITS"
"54800","201106","ABC","375","1","1.000 - 5.000"
""
"INSTRUCTOR(S)","TYPE","DAYS","TIME","BUILD","ROOM"
"","Variable","","","",""
""
"SEAT","SID","SURNAME","PREFNAME","LEVEL","UNITS","CLASS","MAJOR","GRADE","STATUS","EMAIL"
""
"CID","TERM","SUBJ","CRSE","SEC","UNITS"
"75616","201106","ABC","375","2","1.000 - 5.000"
""
"INSTRUCTOR(S)","TYPE","DAYS","TIME","BUILD","ROOM"
"Perry, Katherine V.","Variable","","","",""
""
"SEAT","SID","SURNAME","PREFNAME","LEVEL","UNITS","CLASS","MAJOR","GRADE","STATUS","EMAIL"
""
"CID","TERM","SUBJ","CRSE","SEC","UNITS"
"39934","201106","ABC","376","0","1.000 - 12.000"
""
"INSTRUCTOR(S)","TYPE","DAYS","TIME","BUILD","ROOM"
"","Variable","","","",""
""
"SEAT","SID","SURNAME","PREFNAME","LEVEL","UNITS","CLASS","MAJOR","GRADE","STATUS","EMAIL"
""
"CID","TERM","SUBJ","CRSE","SEC","UNITS"
"76338","201106","ABC","376","1","1.000 - 12.000"
""
"INSTRUCTOR(S)","TYPE","DAYS","TIME","BUILD","ROOM"
"Green, Isabella M.","Variable","","","",""
""
"SEAT","SID","SURNAME","PREFNAME","LEVEL","UNITS","CLASS","MAJOR","GRADE","STATUS","EMAIL"
"1","344451616","Mccarthy","Isabella","GR","1","D2","ABCG","S","RE","isabella.l.mccarthy@fakeu.edu"
"2","331538629","Anderson","Lucas","GR","1","GM","ABCG","S","RE","lucas.a.anderson@fakeu.edu"
"3","997678589","Carroll","Jackson","GR","1","D2","ABCG","S","RE","jackson.a.carroll@fakeu.edu"
"4","404710744","Martin","Leonardo","GR","1","D1","ABCG","S","RE","leonardo.a.martin@fakeu.edu"
"5","751232992","Huff","Angel","GR","1","GM","ABCG","S","RE","angel.c.huff@fakeu.edu"
"6","468634058","Anderson","Jayden","GR","1","D2","ABCG","S","RE","jayden.r.anderson@fakeu.edu"
"7","752060679","Soto","Diego","GR","1","D1","ABCG","S","RE","diego.l.soto@fakeu.edu"
"8","879906943","Leonard","Aaron","GR","1","D2","ABCG","S","RE","aaron.r.leonard@fakeu.edu"
"9","133105511","Stewart","Thomas","GR","1","GM","DEFG","S","RE","thomas.j.stewart@fakeu.edu"
"10","349123265","Cooper","Dominic","GR","1","GM","ABCG","S","RE","dominic.t.cooper@fakeu.edu"
"11","150918412","Powers","David","GR","1","D2","ABCG","S","RE","david.l.powers@fakeu.edu"
"12","523522260","Beck","Evan","GR","1","D1","ABCG","S","RE","evan.j.beck@fakeu.edu"
"13","176960494","Santiago","Lucas","GR","1","GM","ABCG","S","RE","lucas.y.santiago@fakeu.edu"
"14","583056537","Hayes","Ivan","GR","2","D2","ABCG","S","RE","ivan.m.hayes@fakeu.edu"
"15","850142017","Williams","Samantha","GR","1","D1","ABCG","S","RE","samantha.g.williams@fakeu.edu"
"16","351970634","Lopez","Ava","GR","1","D1","ABCG","S","RE","ava.a.lopez@fakeu.edu"
"17","488823471","Cole","Matthew","GR","1","GM","ABCG","S","RE","matthew.d.cole@fakeu.edu"
""
"CID","TERM","SUBJ","CRSE","SEC","UNITS"
"85276","201106","ABC","376","2","1.000 - 12.000"
""
"INSTRUCTOR(S)","TYPE","DAYS","TIME","BUILD","ROOM"
"Perry, Katherine V.","Variable","","","",""
""
"SEAT","SID","SURNAME","PREFNAME","LEVEL","UNITS","CLASS","MAJOR","GRADE","STATUS","EMAIL"
""
"CID","TERM","SUBJ","CRSE","SEC","UNITS"
"86780","201106","ABC","376","10","1.000 - 12.000"
""
"INSTRUCTOR(S)","TYPE","DAYS","TIME","BUILD","ROOM"
"Johnson, Abigail N.","Variable","","","",""
""
"SEAT","SID","SURNAME","PREFNAME","LEVEL","UNITS","CLASS","MAJOR","GRADE","STATUS","EMAIL"
""
"CID","TERM","SUBJ","CRSE","SEC","UNITS"
"40861","201106","ABC","376","13","1.000 - 12.000"
""
"INSTRUCTOR(S)","TYPE","DAYS","TIME","BUILD","ROOM"
"Snyder, Samantha R.","Variable","","","",""
""
"SEAT","SID","SURNAME","PREFNAME","LEVEL","UNITS","CLASS","MAJOR","GRADE","STATUS","EMAIL"
"1","689690671","Snyder","Camila","GR","1","D1","DEFG","S","RE","camila.g.snyder@fakeu.edu"
""
"CID","TERM","SUBJ","CRSE","SEC","UNITS"
"46186","201106","ABC","376","17","1.000 - 12.000"
""
"INSTRUCTOR(S)","TYPE","DAYS","TIME","BUILD","ROOM"
"Rutledge, Ashley B.","Variable","","","",""
""
"SEAT","SID","SURNAME","PREFNAME","LEVEL","UNITS","CLASS","MAJOR","GRADE","STATUS","EMAIL"
""
"CID","TERM","SUBJ","CRSE","SEC","UNITS"
"75995","201106","ABC","376","20","1.000 - 12.000"
""
"INSTRUCTOR(S)","TYPE","DAYS","TIME","BUILD","ROOM"
"Green, Isabella M.","Variable","","","",""
""
"SEAT","SID","SURNAME","PREFNAME","LEVEL","UNITS","CLASS","MAJOR","GRADE","STATUS","EMAIL"
""
"CID","TERM","SUBJ","CRSE","SEC","UNITS"
"17230","201106","ABC","376","23","1.000 - 12.000"
""
"INSTRUCTOR(S)","TYPE","DAYS","TIME","BUILD","ROOM"
"Donaldson, Matthew C.","Variable","","","",""
""
"SEAT","SID","SURNAME","PREFNAME","LEVEL","UNITS","CLASS","MAJOR","GRADE","STATUS","EMAIL"
""
"CID","TERM","SUBJ","CRSE","SEC","UNITS"
"78206","201106","ABC","376","33","1.000 - 12.000"
""
"INSTRUCTOR(S)","TYPE","DAYS","TIME","BUILD","ROOM"
"","Variable","","","",""
""
"SEAT","SID","SURNAME","PREFNAME","LEVEL","UNITS","CLASS","MAJOR","GRADE","STATUS","EMAIL"
""
"CID","TERM","SUBJ","CRSE","SEC","UNITS"
"45857","201106","ABC","378","0","1"
""
"INSTRUCTOR(S)","TYPE","DAYS","TIME","BUILD","ROOM"
"","Discussion","","","",""
""
"SEAT","SID","SURNAME","PREFNAME","LEVEL","UNITS","CLASS","MAJOR","GRADE","STATUS","EMAIL"
""
"CID","TERM","SUBJ","CRSE","SEC","UNITS"
"73956","201106","ABC","378","1","1"
""
"INSTRUCTOR(S)","TYPE","DAYS","TIME","BUILD","ROOM"
"","Discussion","","","",""
""
"SEAT","SID","SURNAME","PREFNAME","LEVEL","UNITS","CLASS","MAJOR","GRADE","STATUS","EMAIL"
""
"CID","TERM","SUBJ","CRSE","SEC","UNITS"
"99434","201106","ABC","378","2","1"
""
"INSTRUCTOR(S)","TYPE","DAYS","TIME","BUILD","ROOM"
"Perry, Katherine V.","Discussion","","","",""
""
"SEAT","SID","SURNAME","PREFNAME","LEVEL","UNITS","CLASS","MAJOR","GRADE","STATUS","EMAIL"
""
"CID","TERM","SUBJ","CRSE","SEC","UNITS"
"63889","201106","ABC","379","0","1.000 - 4.000"
""
"INSTRUCTOR(S)","TYPE","DAYS","TIME","BUILD","ROOM"
"","Variable","","","",""
""
"SEAT","SID","SURNAME","PREFNAME","LEVEL","UNITS","CLASS","MAJOR","GRADE","STATUS","EMAIL"
""
"CID","TERM","SUBJ","CRSE","SEC","UNITS"
"25550","201106","ABC","379","1","1.000 - 4.000"
""
"INSTRUCTOR(S)","TYPE","DAYS","TIME","BUILD","ROOM"
"","Variable","","","",""
""
"SEAT","SID","SURNAME","PREFNAME","LEVEL","UNITS","CLASS","MAJOR","GRADE","STATUS","EMAIL"
""
"CID","TERM","SUBJ","CRSE","SEC","UNITS"
"94114","201106","ABC","379","2","1.000 - 4.000"
""
"INSTRUCTOR(S)","TYPE","DAYS","TIME","BUILD","ROOM"
"Perry, Katherine V.","Variable","","","",""
""
"SEAT","SID","SURNAME","PREFNAME","LEVEL","UNITS","CLASS","MAJOR","GRADE","STATUS","EMAIL"
""
"CID","TERM","SUBJ","CRSE","SEC","UNITS"
"79161","201106","ABC","105","21","4"
""
"INSTRUCTOR(S)","TYPE","DAYS","TIME","BUILD","ROOM"
"Edwards, Valeria G.","Lecture","MTW","10:00 AM - 11:40 AM","MB3","1070"
"","Discussion","W","2:10 PM - 3:50 PM","LH4","45"
""
"SEAT","SID","SURNAME","PREFNAME","LEVEL","UNITS","CLASS","MAJOR","GRADE","STATUS","EMAIL"
"1","255801016","Wright","Adrian","UG","4","SR","O239","C+","RE","adrian.l.wright1@fakeu.edu"
"2","367348577","Brown","Mia","UG","4","SR","OTH8","C+","RE","mia.l.brown@fakeu.edu"
"3","553778158","Miller","Kevin","UG","4","SR","OT39","B","RE","kevin.j.miller@fakeu.edu"
"4","551125130","Hoffman","Gavin","UG","4","SR","OTH6","B","RE","gavin.a.hoffman@fakeu.edu"
"5","331452602","Warner","Valerie","UG","4","SR","O224","A","RE","valerie.m.warner@fakeu.edu"
"6","747305645","Moore","Matthew","UG","4","SR","OTH7","A","RE","matthew.j.moore@fakeu.edu"
"7","957380427","Fulton","John","UG","4","SR","OT42","A-","RE","john.e.fulton@fakeu.edu"
"8","324980657","Garcia","Robert","UG","4","SR","OTH7","B","RE","robert.b.garcia@fakeu.edu"
"9","940737307","Olson","Ethan","UG","4","SR","OT62","A+","RE","ethan.j.olson@fakeu.edu"
"10","783309489","Martinez","Andrew","UG","4","SR","O224","B","RE","andrew.i.martinez1@fakeu.edu"
"11","810942984","Haynes","Adrian","UG","4","SR","OT39","F","RE","adrian.a.haynes@fakeu.edu"
"12","174662158","Charles","Julia","UG","4","JR","O224","A-","RE","julia.x.charles@fakeu.edu"
"13","134301134","Collins","Jacob","UG","4","SR","O224","A","RE","jacob.d.collins@fakeu.edu"
"14","512136476","Mcgee","Sophia","UG","4","JR","OTH8","A+","RE","sophia.g.mcgee@fakeu.edu"
"15","211409463","Porter","Anthony","UG","4","JR","OT39","A-","RE","anthony.s.porter@fakeu.edu"
"16","576570467","Hopkins","Xavier","UG","4","JR","O278","B","RE","xavier.v.hopkins@fakeu.edu"
"17","248411909","Welch","Bryan","UG","4","SR","OT42","F","RE","bryan.n.welch@fakeu.edu"
"18","795221057","Foley","Nathaniel","UG","4","JR","O224","A+","RE","nathaniel.a.foley@fakeu.edu"
"19","541596914","Nash","Kevin","UG","4","JR","OT68","D","RE","kevin.k.nash@fakeu.edu"
"20","821667470","Sullivan","Gael","UG","4","SO","O239","A+","RE","gael.m.sullivan@fakeu.edu"
"21","728594636","Anderson","Savannah","UG","4","SO","OT39","B","RE","savannah.j.anderson@fakeu.edu"
"22","334114317","Glover","Nicholas","UG","4","SO","O238","F","RE","nicholas.a.glover@fakeu.edu"
"23","664118074","Mitchell","Ava","UG","4","SO","OTH8","B-","RE","ava.a.mitchell1@fakeu.edu"
"24","144220187","George","Brandon","UG","4","SO","OT60","D-","RE","brandon.a.george@fakeu.edu"
"25","283770649","Richardson","Amelia","UG","4","FR","O262","F","RE","amelia.l.richardson@fakeu.edu"
"26","890300481","Smith","Isaac","UG","4","JR","OT35","D","RE","isaac.j.smith@fakeu.edu"
"27","709023030","Walker","Mia","UG","4","FR","DEF1","C","RE","mia.d.walker@fakeu.edu"
"28","345558741","Hernandez","Ashley","UG","4","SO","O223","A-","RE","ashley.e.hernandez@fakeu.edu"
"29","973045653","Harper","Benjamin","UG","4","SO","OT13","A-","RE","benjamin.k.harper@fakeu.edu"
"30","100408526","Nash","Nicholas","UG","4","SR","O248","B","RE","nicholas.m.nash@fakeu.edu"
"31","738941913","Porter","Carlos","UG","4","SR","O201","A+","RE","carlos.a.porter1@fakeu.edu"
"32","683804763","Mosley","Alan","UG","4","SR","OTH8","A","RE","alan.k.mosley@fakeu.edu"
"33","984949178","Knight","Connor","UG","4","JR","O180","F","RE","connor.j.knight@fakeu.edu"
"34","141985172","Reed","Elizabeth","UG","4","SR","OTH8","A-","RE","elizabeth.l.reed@fakeu.edu"
"35","172584270","Mcintosh","Khloe","UG","4","SR","OT42","C-","RE","khloe.j.mcintosh@fakeu.edu"
"36","456307213","Higgins","Natalia","UG","4","SR","O268","NG","RE","natalia.v.higgins@fakeu.edu"
"37","631168770","Lewis","Emily","UG","4","FR","ABC2","D","RE","emily.l.lewis@fakeu.edu"
"38","515517058","Owens","Jesus","UG","4","JR","OT39","A-","RE","jesus.j.owens@fakeu.edu"
"39","784543411","Parker","Ian","UG","4","JR","OT35","C","RE","ian.h.parker@fakeu.edu"
"40","293397769","Cherry","Jesus","UG","4","SO","OT42","A-","RE","jesus.r.cherry@fakeu.edu"
"41","574649280","Williams","Claire","UG","4","SR","OT39","B","RE","claire.s.williams@fakeu.edu"
"42","281335327","Todd","Daniel","UG","4","SR","OT35","B+","RE","daniel.h.todd@fakeu.edu"
"43","940648658","Travis","Alexa","UG","4","JR","OT60","D+","RE","alexa.i.travis@fakeu.edu"
"44","565984340","Jackson","Riley","UG","4","SR","OTH8","C-","RE","riley.l.jackson@fakeu.edu"
"45","469125100","Webb","Andres","UG","4","FR","O144","B+","RE","andres.y.webb@fakeu.edu"
"46","192133445","Mccoy","Isaiah","UG","4","JR","O232","B","RE","isaiah.e.mccoy@fakeu.edu"
"47","977575062","Ortega","Abigail","UG","4","SR","OTH8","A","RE","abigail.s.ortega@fakeu.edu"
"48","775129677","Hall","Eduardo","UG","4","JR","OT42","A+","RE","eduardo.l.hall@fakeu.edu"
"49","447170854","Martinez","Samantha","GR","4","GM","O127","A","RE","samantha.s.martinez@fakeu.edu"
"50","718568191","Johnson","Ethan","UG","4","SR","O237","C","RE","ethan.r.johnson@fakeu.edu"
"51","461639862","Rodriguez","Vanessa","UG","4","JR","O281","F","RE","vanessa.l.rodriguez@fakeu.edu"
"52","835673641","Brown","Nathan","UG","4","FR","OT42","A","RE","nathan.m.brown@fakeu.edu"
"53","311525135","Gross","Valeria","UG","4","SR","O238","C","RE","valeria.m.gross@fakeu.edu"
"54","676899158","Chase","Jose","GR","4","GM","O102","A","RE","jose.a.chase@fakeu.edu"
"55","295080829","Smith","Aaron","ND","4","ND","O253","A+","RE","aaron.n.smith@fakeu.edu"
"56","970083108","Moreno","Ella","ND","4","ND","O253","C+","RE","ella.m.moreno@fakeu.edu"
"57","877006191","Lopez","Jose","UG","4","SR","OT42","B","RE","jose.a.lopez@fakeu.edu"
"58","324665517","Willis","Isaac","UG","4","FR","ABC1","A+","RE","isaac.a.willis@fakeu.edu"
"59","200378405","Davis","Emma","UG","4","FR","OT42","F","RE","emma.b.davis@fakeu.edu"
"60","985690388","Rodriguez","Andrew","UG","4","SR","OT21","A","RE","andrew.s.rodriguez@fakeu.edu"
"61","400340497","James","Michael","UG","4","FR","OT42","A","RE","michael.l.james1@fakeu.edu"
"62","171915572","Robinson","Jesus","UG","4","JR","OTH8","D+","RE","jesus.g.robinson@fakeu.edu"
"63","966143101","Beasley","Kevin","UG","4","JR","OT21","B","RE","kevin.j.beasley@fakeu.edu"
"64","758789091","Miller","Kayla","UG","4","SO","DEF1","F","RE","kayla.a.miller1@fakeu.edu"
"65","449673350","Brown","Carlos","UG","4","JR","OT67","B-","RE","carlos.b.brown@fakeu.edu"
"66","766084470","Rodriguez","Ayden","UG","4","SR","OT39","D-","RE","ayden.g.rodriguez@fakeu.edu"
"67","913590859","Fernandez","Genesis","UG","4","SR","O224","A+","RE","genesis.j.fernandez@fakeu.edu"
"68","433311706","Cooper","Dylan","UG","4","FR","O221","B+","RE","dylan.j.cooper@fakeu.edu"
"69","436600237","Shelton","Tyler","UG","4","JR","OT39","B","RE","tyler.j.shelton@fakeu.edu"
"70","918397781","Valdez","Luis","UG","4","FR","O209","A+","RE","luis.g.valdez@fakeu.edu"
"71","409061778","Richards","Delilah","UG","4","SO","OT35","D","RE","delilah.g.richards@fakeu.edu"
"72","224321619","Brown","Chloe","UG","4","FR","ABC2","NG","RE","chloe.a.brown@fakeu.edu"
"73","961430324","Hood","Elizabeth","UG","4","SR","O225","D+","RE","elizabeth.j.hood@fakeu.edu"
"74","330552269","Avery","Faith","UG","4","SR","OT68","B-","RE","faith.z.avery@fakeu.edu"
"75","511736773","Mcgee","Genesis","UG","4","JR","O223","A","RE","genesis.r.mcgee@fakeu.edu"
"76","755634652","Turner","Valerie","UG","4","JR","OTH8","A","RE","valerie.z.turner@fakeu.edu"
"77","579824272","Hood","Liam","UG","4","SR","OT21","D+","RE","liam.d.hood@fakeu.edu"
"78","988591930","Allen","Evan","UG","4","JR","O223","A-","RE","evan.e.allen@fakeu.edu"
"79","884558648","Cote","Landon","UG","4","SR","O224","I","RE","landon.j.cote@fakeu.edu"
"80","752286162","Gordon","Aiden","UG","4","SR","OTH8","B","RE","aiden.a.gordon@fakeu.edu"
""
"CID","TERM","SUBJ","CRSE","SEC","UNITS"
"17391","201106","ABC","112","0","1.000 - 5.000"
""
"INSTRUCTOR(S)","TYPE","DAYS","TIME","BUILD","ROOM"
"","Internship","","","",""
""
"SEAT","SID","SURNAME","PREFNAME","LEVEL","UNITS","CLASS","MAJOR","GRADE","STATUS","EMAIL"
""
"CID","TERM","SUBJ","CRSE","SEC","UNITS"
"87729","201106","ABC","112","1","1.000 - 5.000"
""
"INSTRUCTOR(S)","TYPE","DAYS","TIME","BUILD","ROOM"
"","Internship","","","",""
""
"SEAT","SID","SURNAME","PREFNAME","LEVEL","UNITS","CLASS","MAJOR","GRADE","STATUS","EMAIL"
""
"CID","TERM","SUBJ","CRSE","SEC","UNITS"
"65339","201106","ABC","112","2","1.000 - 5.000"
""
"INSTRUCTOR(S)","TYPE","DAYS","TIME","BUILD","ROOM"
"Perry, Katherine V.","Internship","","","",""
""
"SEAT","SID","SURNAME","PREFNAME","LEVEL","UNITS","CLASS","MAJOR","GRADE","STATUS","EMAIL"
""
"CID","TERM","SUBJ","CRSE","SEC","UNITS"
"26945","201106","ABC","113","0","1.000 - 5.000"
""
"INSTRUCTOR(S)","TYPE","DAYS","TIME","BUILD","ROOM"
"","Variable","","","",""
""
"SEAT","SID","SURNAME","PREFNAME","LEVEL","UNITS","CLASS","MAJOR","GRADE","STATUS","EMAIL"
""
"CID","TERM","SUBJ","CRSE","SEC","UNITS"
"10983","201106","ABC","113","1","1.000 - 5.000"
""
"INSTRUCTOR(S)","TYPE","DAYS","TIME","BUILD","ROOM"
"","Variable","","","",""
""
"SEAT","SID","SURNAME","PREFNAME","LEVEL","UNITS","CLASS","MAJOR","GRADE","STATUS","EMAIL"
""
"CID","TERM","SUBJ","CRSE","SEC","UNITS"
"16894","201106","ABC","113","2","1.000 - 5.000"
""
"INSTRUCTOR(S)","TYPE","DAYS","TIME","BUILD","ROOM"
"Perry, Katherine V.","Variable","","","",""
""
"SEAT","SID","SURNAME","PREFNAME","LEVEL","UNITS","CLASS","MAJOR","GRADE","STATUS","EMAIL"
""
"CID","TERM","SUBJ","CRSE","SEC","UNITS"
"22151","201106","ABC","114","0","1.000 - 5.000"
""
"INSTRUCTOR(S)","TYPE","DAYS","TIME","BUILD","ROOM"
"","Variable","","","",""
""
"SEAT","SID","SURNAME","PREFNAME","LEVEL","UNITS","CLASS","MAJOR","GRADE","STATUS","EMAIL"
""
"CID","TERM","SUBJ","CRSE","SEC","UNITS"
"37533","201106","ABC","114","1","1.000 - 5.000"
""
"INSTRUCTOR(S)","TYPE","DAYS","TIME","BUILD","ROOM"
"","Variable","","","",""
""
"SEAT","SID","SURNAME","PREFNAME","LEVEL","UNITS","CLASS","MAJOR","GRADE","STATUS","EMAIL"
""
"CID","TERM","SUBJ","CRSE","SEC","UNITS"
"53717","201106","ABC","114","2","1.000 - 5.000"
""
"INSTRUCTOR(S)","TYPE","DAYS","TIME","BUILD","ROOM"
"Perry, Katherine V.","Variable","","","",""
""
"SEAT","SID","SURNAME","PREFNAME","LEVEL","UNITS","CLASS","MAJOR","GRADE","STATUS","EMAIL"
""
"CID","TERM","SUBJ","CRSE","SEC","UNITS"
"83267","201106","ABC","251","0","1"
""
"INSTRUCTOR(S)","TYPE","DAYS","TIME","BUILD","ROOM"
"","Discussion","","","",""
""
"SEAT","SID","SURNAME","PREFNAME","LEVEL","UNITS","CLASS","MAJOR","GRADE","STATUS","EMAIL"
""
"CID","TERM","SUBJ","CRSE","SEC","UNITS"
"71067","201106","ABC","251","1","1"
""
"INSTRUCTOR(S)","TYPE","DAYS","TIME","BUILD","ROOM"
"","Discussion","","","",""
""
"SEAT","SID","SURNAME","PREFNAME","LEVEL","UNITS","CLASS","MAJOR","GRADE","STATUS","EMAIL"
""
"CID","TERM","SUBJ","CRSE","SEC","UNITS"
"45813","201106","ABC","251","2","1"
""
"INSTRUCTOR(S)","TYPE","DAYS","TIME","BUILD","ROOM"
"Perry, Katherine V.","Discussion","","","",""
""
"SEAT","SID","SURNAME","PREFNAME","LEVEL","UNITS","CLASS","MAJOR","GRADE","STATUS","EMAIL"
""
"CID","TERM","SUBJ","CRSE","SEC","UNITS"
"57971","201106","ABC","253","0","1.000 - 5.000"
""
"INSTRUCTOR(S)","TYPE","DAYS","TIME","BUILD","ROOM"
"","Internship","","","",""
""
"SEAT","SID","SURNAME","PREFNAME","LEVEL","UNITS","CLASS","MAJOR","GRADE","STATUS","EMAIL"
""
"CID","TERM","SUBJ","CRSE","SEC","UNITS"
"36919","201106","ABC","253","1","1.000 - 5.000"
""
"INSTRUCTOR(S)","TYPE","DAYS","TIME","BUILD","ROOM"
"","Internship","","","",""
""
"SEAT","SID","SURNAME","PREFNAME","LEVEL","UNITS","CLASS","MAJOR","GRADE","STATUS","EMAIL"
"1","448326888","Scott","Ian","UG","4","SR","OTH7","P","RE","ian.g.scott@fakeu.edu"
"2","209856179","Holland","Noah","ND","1","ND","O253","P","RE","noah.m.holland@fakeu.edu"
"3","325437634","Austin","Tyler","ND","1","ND","O253","P","RE","tyler.j.austin@fakeu.edu"
"4","907480639","Dunlap","William","ND","1","ND","O253","P","RE","william.d.dunlap@fakeu.edu"
"5","976233880","Miller","Khloe","ND","1","ND","O253","P","RE","khloe.n.miller@fakeu.edu"
"6","402062327","Martinez","Natalia","UG","4","SO","ABC1","P","RE","natalia.l.martinez@fakeu.edu"
"7","507863856","Gibbs","Logan","UG","2","SR","ABC1","P","RE","logan.l.gibbs@fakeu.edu"
"8","656785115","West","Jackson","UG","4","SR","ABC1","P","RE","jackson.g.west@fakeu.edu"
""
"CID","TERM","SUBJ","CRSE","SEC","UNITS"
"65541","201106","ABC","253","2","1.000 - 5.000"
""
"INSTRUCTOR(S)","TYPE","DAYS","TIME","BUILD","ROOM"
"Perry, Katherine V.","Internship","","","",""
""
"SEAT","SID","SURNAME","PREFNAME","LEVEL","UNITS","CLASS","MAJOR","GRADE","STATUS","EMAIL"
""
"CID","TERM","SUBJ","CRSE","SEC","UNITS"
"62691","201106","ABC","256","0","1.000 - 5.000"
""
"INSTRUCTOR(S)","TYPE","DAYS","TIME","BUILD","ROOM"
"","Variable","","","",""
""
"SEAT","SID","SURNAME","PREFNAME","LEVEL","UNITS","CLASS","MAJOR","GRADE","STATUS","EMAIL"
""
"CID","TERM","SUBJ","CRSE","SEC","UNITS"
"34005","201106","ABC","256","1","1.000 - 5.000"
""
"INSTRUCTOR(S)","TYPE","DAYS","TIME","BUILD","ROOM"
"","Variable","","","",""
""
"SEAT","SID","SURNAME","PREFNAME","LEVEL","UNITS","CLASS","MAJOR","GRADE","STATUS","EMAIL"
""
"CID","TERM","SUBJ","CRSE","SEC","UNITS"
"16332","201106","ABC","256","2","1.000 - 5.000"
""
"INSTRUCTOR(S)","TYPE","DAYS","TIME","BUILD","ROOM"
"Perry, Katherine V.","Variable","","","",""
""
"SEAT","SID","SURNAME","PREFNAME","LEVEL","UNITS","CLASS","MAJOR","GRADE","STATUS","EMAIL"
""
"CID","TERM","SUBJ","CRSE","SEC","UNITS"
"62563","201106","ABC","261","0","1.000 - 5.000"
""
"INSTRUCTOR(S)","TYPE","DAYS","TIME","BUILD","ROOM"
"","Variable","","","",""
""
"SEAT","SID","SURNAME","PREFNAME","LEVEL","UNITS","CLASS","MAJOR","GRADE","STATUS","EMAIL"
""
"CID","TERM","SUBJ","CRSE","SEC","UNITS"
"57534","201106","ABC","261","1","1.000 - 5.000"
""
"INSTRUCTOR(S)","TYPE","DAYS","TIME","BUILD","ROOM"
"","Variable","","","",""
""
"SEAT","SID","SURNAME","PREFNAME","LEVEL","UNITS","CLASS","MAJOR","GRADE","STATUS","EMAIL"
""
"CID","TERM","SUBJ","CRSE","SEC","UNITS"
"94658","201106","ABC","261","2","1.000 - 5.000"
""
"INSTRUCTOR(S)","TYPE","DAYS","TIME","BUILD","ROOM"
"Perry, Katherine V.","Variable","","","",""
""
"SEAT","SID","SURNAME","PREFNAME","LEVEL","UNITS","CLASS","MAJOR","GRADE","STATUS","EMAIL"
""
"CID","TERM","SUBJ","CRSE","SEC","UNITS"
"92078","201106","ABC","371","1","1"
""
"INSTRUCTOR(S)","TYPE","DAYS","TIME","BUILD","ROOM"
"","Discussion","","","",""
""
"SEAT","SID","SURNAME","PREFNAME","LEVEL","UNITS","CLASS","MAJOR","GRADE","STATUS","EMAIL"
""
"CID","TERM","SUBJ","CRSE","SEC","UNITS"
"93341","201106","ABC","371","2","1"
""
"INSTRUCTOR(S)","TYPE","DAYS","TIME","BUILD","ROOM"
"Perry, Katherine V.","Discussion","","","",""
""
"SEAT","SID","SURNAME","PREFNAME","LEVEL","UNITS","CLASS","MAJOR","GRADE","STATUS","EMAIL"
""
"CID","TERM","SUBJ","CRSE","SEC","UNITS"
"82098","201106","ABC","371","3","1"
""
"INSTRUCTOR(S)","TYPE","DAYS","TIME","BUILD","ROOM"
"","Discussion","","","",""
""
"SEAT","SID","SURNAME","PREFNAME","LEVEL","UNITS","CLASS","MAJOR","GRADE","STATUS","EMAIL"
""
"CID","TERM","SUBJ","CRSE","SEC","UNITS"
"31941","201106","ABC","375","0","1.000 - 5.000"
""
"INSTRUCTOR(S)","TYPE","DAYS","TIME","BUILD","ROOM"
"","Variable","","","",""
""
"SEAT","SID","SURNAME","PREFNAME","LEVEL","UNITS","CLASS","MAJOR","GRADE","STATUS","EMAIL"
""
"CID","TERM","SUBJ","CRSE","SEC","UNITS"
"12412","201106","ABC","375","1","1.000 - 5.000"
""
"INSTRUCTOR(S)","TYPE","DAYS","TIME","BUILD","ROOM"
"","Variable","","","",""
""
"SEAT","SID","SURNAME","PREFNAME","LEVEL","UNITS","CLASS","MAJOR","GRADE","STATUS","EMAIL"
""
"CID","TERM","SUBJ","CRSE","SEC","UNITS"
"49509","201106","ABC","375","2","1.000 - 5.000"
""
"INSTRUCTOR(S)","TYPE","DAYS","TIME","BUILD","ROOM"
"Perry, Katherine V.","Variable","","","",""
""
"SEAT","SID","SURNAME","PREFNAME","LEVEL","UNITS","CLASS","MAJOR","GRADE","STATUS","EMAIL"
""
"CID","TERM","SUBJ","CRSE","SEC","UNITS"
"41676","201106","ABC","376","0","1.000 - 12.000"
""
"INSTRUCTOR(S)","TYPE","DAYS","TIME","BUILD","ROOM"
"","Variable","","","",""
""
"SEAT","SID","SURNAME","PREFNAME","LEVEL","UNITS","CLASS","MAJOR","GRADE","STATUS","EMAIL"
"1","493871532","Martin","Jasmine","GR","1","GM","DEFG","S","RE","jasmine.a.martin@fakeu.edu"
""
"CID","TERM","SUBJ","CRSE","SEC","UNITS"
"93577","201106","ABC","376","1","1.000 - 12.000"
""
"INSTRUCTOR(S)","TYPE","DAYS","TIME","BUILD","ROOM"
"Green, Isabella M.","Variable","","","",""
""
"SEAT","SID","SURNAME","PREFNAME","LEVEL","UNITS","CLASS","MAJOR","GRADE","STATUS","EMAIL"
"1","574693960","Wall","William","GR","1","D2","ABCG","S","RE","william.a.wall@fakeu.edu"
"2","898013064","Clark","Luke","GR","1","GM","DEFG","S","RE","luke.l.clark@fakeu.edu"
"3","514254336","Fitzgerald","Joseph","GR","1","D2","ABCG","S","RE","joseph.c.fitzgerald@fakeu.edu"
"4","499393060","Gill","Christian","GR","1","D2","ABCG","S","RE","christian.e.gill@fakeu.edu"
"5","175362572","White","Sophia","GR","1","D1","ABCG","S","RE","sophia.e.white@fakeu.edu"
"6","115504709","Gilbert","Camila","GR","1","D1","ABCG","S","RE","camila.w.gilbert@fakeu.edu"
"7","778797589","Leonard","Brooklyn","GR","1","D1","ABCG","S","RE","brooklyn.y.leonard@fakeu.edu"
"8","269947554","Phillips","Kayla","GR","1","D1","ABCG","S","RE","kayla.v.phillips1@fakeu.edu"
""
"CID","TERM","SUBJ","CRSE","SEC","UNITS"
"51585","201106","ABC","376","2","1.000 - 12.000"
""
"INSTRUCTOR(S)","TYPE","DAYS","TIME","BUILD","ROOM"
"Perry, Katherine V.","Variable","","","",""
""
"SEAT","SID","SURNAME","PREFNAME","LEVEL","UNITS","CLASS","MAJOR","GRADE","STATUS","EMAIL"
""
"CID","TERM","SUBJ","CRSE","SEC","UNITS"
"11341","201106","ABC","378","0","1"
""
"INSTRUCTOR(S)","TYPE","DAYS","TIME","BUILD","ROOM"
"","Discussion","","","",""
""
"SEAT","SID","SURNAME","PREFNAME","LEVEL","UNITS","CLASS","MAJOR","GRADE","STATUS","EMAIL"
""
"CID","TERM","SUBJ","CRSE","SEC","UNITS"
"64688","201106","ABC","378","1","1"
""
"INSTRUCTOR(S)","TYPE","DAYS","TIME","BUILD","ROOM"
"","Discussion","","","",""
""
"SEAT","SID","SURNAME","PREFNAME","LEVEL","UNITS","CLASS","MAJOR","GRADE","STATUS","EMAIL"
""
"CID","TERM","SUBJ","CRSE","SEC","UNITS"
"58108","201106","ABC","378","2","1"
""
"INSTRUCTOR(S)","TYPE","DAYS","TIME","BUILD","ROOM"
"Perry, Katherine V.","Discussion","","","",""
""
"SEAT","SID","SURNAME","PREFNAME","LEVEL","UNITS","CLASS","MAJOR","GRADE","STATUS","EMAIL"
""
"CID","TERM","SUBJ","CRSE","SEC","UNITS"
"72077","201106","ABC","379","0","1.000 - 4.000"
""
"INSTRUCTOR(S)","TYPE","DAYS","TIME","BUILD","ROOM"
"","Variable","","","",""
""
"SEAT","SID","SURNAME","PREFNAME","LEVEL","UNITS","CLASS","MAJOR","GRADE","STATUS","EMAIL"
""
"CID","TERM","SUBJ","CRSE","SEC","UNITS"
"46516","201106","ABC","379","1","1.000 - 4.000"
""
"INSTRUCTOR(S)","TYPE","DAYS","TIME","BUILD","ROOM"
"","Variable","","","",""
""
"SEAT","SID","SURNAME","PREFNAME","LEVEL","UNITS","CLASS","MAJOR","GRADE","STATUS","EMAIL"
""
"CID","TERM","SUBJ","CRSE","SEC","UNITS"
"93084","201106","ABC","379","2","1.000 - 4.000"
""
"INSTRUCTOR(S)","TYPE","DAYS","TIME","BUILD","ROOM"
"Perry, Katherine V.","Variable","","","",""
""
"SEAT","SID","SURNAME","PREFNAME","LEVEL","UNITS","CLASS","MAJOR","GRADE","STATUS","EMAIL"
""
"CID","TERM","SUBJ","CRSE","SEC","UNITS"
"75951","201106","DEF","106","1","1"
""
"INSTRUCTOR(S)","TYPE","DAYS","TIME","BUILD","ROOM"
"Mcdaniel, Elijah I.","Discussion","","","",""
""
"SEAT","SID","SURNAME","PREFNAME","LEVEL","UNITS","CLASS","MAJOR","GRADE","STATUS","EMAIL"
""
"CID","TERM","SUBJ","CRSE","SEC","UNITS"
"76067","201106","DEF","108","4","1.000 - 5.000"
""
"INSTRUCTOR(S)","TYPE","DAYS","TIME","BUILD","ROOM"
"","Internship","","","",""
""
"SEAT","SID","SURNAME","PREFNAME","LEVEL","UNITS","CLASS","MAJOR","GRADE","STATUS","EMAIL"
""
"CID","TERM","SUBJ","CRSE","SEC","UNITS"
"77874","201106","DEF","110","0","1.000 - 5.000"
""
"INSTRUCTOR(S)","TYPE","DAYS","TIME","BUILD","ROOM"
"","Variable","","","",""
""
"SEAT","SID","SURNAME","PREFNAME","LEVEL","UNITS","CLASS","MAJOR","GRADE","STATUS","EMAIL"
""
"CID","TERM","SUBJ","CRSE","SEC","UNITS"
"65534","201106","DEF","110","1","1.000 - 5.000"
""
"INSTRUCTOR(S)","TYPE","DAYS","TIME","BUILD","ROOM"
"Mcdaniel, Elijah I.","Variable","","","",""
""
"SEAT","SID","SURNAME","PREFNAME","LEVEL","UNITS","CLASS","MAJOR","GRADE","STATUS","EMAIL"
""
"CID","TERM","SUBJ","CRSE","SEC","UNITS"
"22387","201106","DEF","258","1","5"
""
"INSTRUCTOR(S)","TYPE","DAYS","TIME","BUILD","ROOM"
"Goodwin, David A.","Lecture","MWF","8:00 AM - 9:40 AM","MB2","1016"
"","Laboratory","MWF","10:00 AM - 12:15 PM","MB4","2230"
"","Laboratory","","","",""
""
"SEAT","SID","SURNAME","PREFNAME","LEVEL","UNITS","CLASS","MAJOR","GRADE","STATUS","EMAIL"
"1","314514200","Buckner","Mila","UG","5","SR","ABC1","B-","RE","mila.e.buckner@fakeu.edu"
"2","984516892","Jones","Sophia","UG","5","SR","OTH7","B+","RE","sophia.m.jones1@fakeu.edu"
"3","918308322","Bowman","Angela","UG","5","SR","DEF1","C+","RE","angela.l.bowman@fakeu.edu"
"4","915163232","Harmon","Emily","UG","5","SR","ABC2","A-","RE","emily.n.harmon@fakeu.edu"
"5","662190350","Hodges","Alexander","UG","5","JR","DEF1","A-","RE","alexander.j.hodges@fakeu.edu"
"6","832392984","Johns","Zoe","UG","5","JR","DEF1","C+","RE","zoe.a.johns@fakeu.edu"
"7","465120809","Walker","Hunter","UG","5","JR","OT77","C-","RE","hunter.c.walker1@fakeu.edu"
"8","819103147","Cochran","Scarlett","UG","5","JR","DEF2","A+","RE","scarlett.m.cochran@fakeu.edu"
"9","350724908","Clemons","Brandon","UG","5","JR","DEF1","B+","RE","brandon.n.clemons@fakeu.edu"
"10","463798947","Johnson","Michelle","UG","5","JR","DEF1","A+","RE","michelle.l.johnson@fakeu.edu"
"11","359379550","Miller","Jocelyn","U2","5","U2","ABC2","C","RE","jocelyn.s.miller@fakeu.edu"
"12","933509920","Simmons","Jayden","UG","5","JR","DEF1","F","RE","jayden.d.simmons@fakeu.edu"
"13","431769628","Pierce","Jayden","UG","5","JR","DEF1","B+","RE","jayden.n.pierce@fakeu.edu"
"14","224068109","Price","Matthew","UG","5","SR","DEF1","C-","RE","matthew.l.price1@fakeu.edu"
"15","258312441","Conrad","Angel","UG","5","JR","DEF1","A","RE","angel.a.conrad@fakeu.edu"
"16","843281737","Perez","Thomas","UG","5","SR","O262","D","RE","thomas.l.perez@fakeu.edu"
"17","187580548","Wade","Arianna","UG","5","JR","DEF1","F","RE","arianna.k.wade@fakeu.edu"
"18","982633086","Bentley","Robert","UG","5","JR","DEF2","D+","RE","robert.e.bentley@fakeu.edu"
"19","151121842","Rivera","Olivia","UG","5","SR","ABC2","C+","RE","olivia.n.rivera@fakeu.edu"
"20","579656960","Scott","Madison","UG","5","SR","DEF1","A","RE","madison.a.scott@fakeu.edu"
"21","506428160","Thomas","Caleb","UG","5","JR","DEF2","C+","RE","caleb.h.thomas@fakeu.edu"
"22","318617767","Kirk","Jayden","UG","5","SR","DEF1","B+","RE","jayden.s.kirk@fakeu.edu"
""
"CID","TERM","SUBJ","CRSE","SEC","UNITS"
"24898","201106","DEF","258","2","5"
""
"INSTRUCTOR(S)","TYPE","DAYS","TIME","BUILD","ROOM"
"Goodwin, David A.","Lecture","MWF","8:00 AM - 9:40 AM","MB2","1016"
"","Laboratory","MWF","1:10 PM - 3:25 PM","MB4","2230"
"","Laboratory","","","MB4","2230"
""
"SEAT","SID","SURNAME","PREFNAME","LEVEL","UNITS","CLASS","MAJOR","GRADE","STATUS","EMAIL"
"1","288177784","Carter","Liam","UG","5","SR","OTH7","C-","RE","liam.l.carter@fakeu.edu"
"2","476338046","Lopez","Gabriella","UG","5","SR","ABC2","B+","RE","gabriella.a.lopez@fakeu.edu"
"3","340221184","Lewis","Joshua","UG","5","SR","DEF1","D","RE","joshua.l.lewis@fakeu.edu"
"4","608154056","Smith","Christian","UG","5","JR","ABC1","C-","RE","christian.c.smith@fakeu.edu"
"5","611543414","Townsend","Nicholas","UG","5","JR","DEF2","A-","RE","nicholas.c.townsend@fakeu.edu"
"6","121519346","Smith","Brianna","UG","5","JR","DEF1","C+","RE","brianna.d.smith@fakeu.edu"
"7","676952932","Robinson","Michelle","UG","5","SR","ABC1","C+","RE","michelle.y.robinson@fakeu.edu"
"8","759193483","Johnson","Ryan","UG","5","JR","DEF1","A+","RE","ryan.a.johnson@fakeu.edu"
"9","423689269","Ellison","Gabriel","UG","5","SR","DEF1","F","RE","gabriel.l.ellison@fakeu.edu"
"10","271171323","Carpenter","Michelle","UG","5","JR","DEF1","A+","RE","michelle.o.carpenter@fakeu.edu"
"11","162084123","Vincent","Victoria","UG","5","SR","DEF1","B","RE","victoria.j.vincent@fakeu.edu"
"12","915989479","Walters","Andrew","UG","5","SR","OT62","B-","RE","andrew.a.walters@fakeu.edu"
""
"CID","TERM","SUBJ","CRSE","SEC","UNITS"
"96583","201106","DEF","285","0","1"
""
"INSTRUCTOR(S)","TYPE","DAYS","TIME","BUILD","ROOM"
"","Discussion","","","",""
""
"SEAT","SID","SURNAME","PREFNAME","LEVEL","UNITS","CLASS","MAJOR","GRADE","STATUS","EMAIL"
""
"CID","TERM","SUBJ","CRSE","SEC","UNITS"
"39251","201106","DEF","285","1","1"
""
"INSTRUCTOR(S)","TYPE","DAYS","TIME","BUILD","ROOM"
"","Discussion","","","",""
""
"SEAT","SID","SURNAME","PREFNAME","LEVEL","UNITS","CLASS","MAJOR","GRADE","STATUS","EMAIL"
""
"CID","TERM","SUBJ","CRSE","SEC","UNITS"
"22218","201106","DEF","285","3","1"
""
"INSTRUCTOR(S)","TYPE","DAYS","TIME","BUILD","ROOM"
"Cox, Jordan V.","Discussion","","","",""
""
"SEAT","SID","SURNAME","PREFNAME","LEVEL","UNITS","CLASS","MAJOR","GRADE","STATUS","EMAIL"
""
"CID","TERM","SUBJ","CRSE","SEC","UNITS"
"90294","201106","DEF","285","4","1"
""
"INSTRUCTOR(S)","TYPE","DAYS","TIME","BUILD","ROOM"
"Goodwin, David A.","Discussion","","","",""
""
"SEAT","SID","SURNAME","PREFNAME","LEVEL","UNITS","CLASS","MAJOR","GRADE","STATUS","EMAIL"
""
"CID","TERM","SUBJ","CRSE","SEC","UNITS"
"93629","201106","DEF","285","6","1"
""
"INSTRUCTOR(S)","TYPE","DAYS","TIME","BUILD","ROOM"
"Taylor, Liam L.","Discussion","","","",""
""
"SEAT","SID","SURNAME","PREFNAME","LEVEL","UNITS","CLASS","MAJOR","GRADE","STATUS","EMAIL"
""
"CID","TERM","SUBJ","CRSE","SEC","UNITS"
"93462","201106","DEF","285","8","1"
""
"INSTRUCTOR(S)","TYPE","DAYS","TIME","BUILD","ROOM"
"Turner, Giovanni E.","Discussion","","","",""
""
"SEAT","SID","SURNAME","PREFNAME","LEVEL","UNITS","CLASS","MAJOR","GRADE","STATUS","EMAIL"
""
"CID","TERM","SUBJ","CRSE","SEC","UNITS"
"92545","201106","DEF","285","28","1"
""
"INSTRUCTOR(S)","TYPE","DAYS","TIME","BUILD","ROOM"
"Rodriguez, Ryan A.","Discussion","","","",""
""
"SEAT","SID","SURNAME","PREFNAME","LEVEL","UNITS","CLASS","MAJOR","GRADE","STATUS","EMAIL"
""
"CID","TERM","SUBJ","CRSE","SEC","UNITS"
"77236","201106","DEF","286","0","1.000 - 5.000"
""
"INSTRUCTOR(S)","TYPE","DAYS","TIME","BUILD","ROOM"
"","Internship","","","",""
""
"SEAT","SID","SURNAME","PREFNAME","LEVEL","UNITS","CLASS","MAJOR","GRADE","STATUS","EMAIL"
""
"CID","TERM","SUBJ","CRSE","SEC","UNITS"
"95551","201106","DEF","286","7","1.000 - 5.000"
""
"INSTRUCTOR(S)","TYPE","DAYS","TIME","BUILD","ROOM"
"","Internship","","","",""
""
"SEAT","SID","SURNAME","PREFNAME","LEVEL","UNITS","CLASS","MAJOR","GRADE","STATUS","EMAIL"
""
"CID","TERM","SUBJ","CRSE","SEC","UNITS"
"76915","201106","DEF","286","9","1.000 - 5.000"
""
"INSTRUCTOR(S)","TYPE","DAYS","TIME","BUILD","ROOM"
"Cox, Jordan V.","Internship","","","",""
""
"SEAT","SID","SURNAME","PREFNAME","LEVEL","UNITS","CLASS","MAJOR","GRADE","STATUS","EMAIL"
""
"CID","TERM","SUBJ","CRSE","SEC","UNITS"
"94183","201106","DEF","286","13","1.000 - 5.000"
""
"INSTRUCTOR(S)","TYPE","DAYS","TIME","BUILD","ROOM"
"Goodwin, David A.","Internship","","","",""
""
"SEAT","SID","SURNAME","PREFNAME","LEVEL","UNITS","CLASS","MAJOR","GRADE","STATUS","EMAIL"
""
"CID","TERM","SUBJ","CRSE","SEC","UNITS"
"51453","201106","DEF","286","23","1.000 - 5.000"
""
"INSTRUCTOR(S)","TYPE","DAYS","TIME","BUILD","ROOM"
"Davenport, Jackson L.","Internship","","","",""
""
"SEAT","SID","SURNAME","PREFNAME","LEVEL","UNITS","CLASS","MAJOR","GRADE","STATUS","EMAIL"
""
"CID","TERM","SUBJ","CRSE","SEC","UNITS"
"54244","201106","DEF","299","23","1.000 - 5.000"
""
"INSTRUCTOR(S)","TYPE","DAYS","TIME","BUILD","ROOM"
"Taylor, Liam L.","Variable","","","",""
""
"SEAT","SID","SURNAME","PREFNAME","LEVEL","UNITS","CLASS","MAJOR","GRADE","STATUS","EMAIL"
""
"CID","TERM","SUBJ","CRSE","SEC","UNITS"
"51406","201106","DEF","300","0","1.000 - 5.000"
""
"INSTRUCTOR(S)","TYPE","DAYS","TIME","BUILD","ROOM"
"","Variable","","","",""
""
"SEAT","SID","SURNAME","PREFNAME","LEVEL","UNITS","CLASS","MAJOR","GRADE","STATUS","EMAIL"
""
"CID","TERM","SUBJ","CRSE","SEC","UNITS"
"70679","201106","DEF","300","1","1.000 - 5.000"
""
"INSTRUCTOR(S)","TYPE","DAYS","TIME","BUILD","ROOM"
"Hodges, Jose I.","Variable","","","",""
""
"SEAT","SID","SURNAME","PREFNAME","LEVEL","UNITS","CLASS","MAJOR","GRADE","STATUS","EMAIL"
""
"CID","TERM","SUBJ","CRSE","SEC","UNITS"
"45605","201106","DEF","300","2","1.000 - 5.000"
""
"INSTRUCTOR(S)","TYPE","DAYS","TIME","BUILD","ROOM"
"White, Jonathan E.","Variable","","","",""
""
"SEAT","SID","SURNAME","PREFNAME","LEVEL","UNITS","CLASS","MAJOR","GRADE","STATUS","EMAIL"
""
"CID","TERM","SUBJ","CRSE","SEC","UNITS"
"33718","201106","DEF","300","3","1.000 - 5.000"
""
"INSTRUCTOR(S)","TYPE","DAYS","TIME","BUILD","ROOM"
"Lopez, Joseph S.","Variable","","","",""
""
"SEAT","SID","SURNAME","PREFNAME","LEVEL","UNITS","CLASS","MAJOR","GRADE","STATUS","EMAIL"
"1","185905783","Bowers","Olivia","UG","5","SR","ABC1","P","RE","olivia.u.bowers@fakeu.edu"
""
"CID","TERM","SUBJ","CRSE","SEC","UNITS"
"67204","201106","DEF","300","5","1.000 - 5.000"
""
"INSTRUCTOR(S)","TYPE","DAYS","TIME","BUILD","ROOM"
"Wiley, Natalie A.","Variable","","","",""
""
"SEAT","SID","SURNAME","PREFNAME","LEVEL","UNITS","CLASS","MAJOR","GRADE","STATUS","EMAIL"
""
"CID","TERM","SUBJ","CRSE","SEC","UNITS"
"82569","201106","DEF","300","6","1.000 - 5.000"
""
"INSTRUCTOR(S)","TYPE","DAYS","TIME","BUILD","ROOM"
"Taylor, Liam L.","Variable","","","",""
""
"SEAT","SID","SURNAME","PREFNAME","LEVEL","UNITS","CLASS","MAJOR","GRADE","STATUS","EMAIL"
""
"CID","TERM","SUBJ","CRSE","SEC","UNITS"
"44895","201106","DEF","300","8","1.000 - 5.000"
""
"INSTRUCTOR(S)","TYPE","DAYS","TIME","BUILD","ROOM"
"Turner, Giovanni E.","Variable","","","",""
""
"SEAT","SID","SURNAME","PREFNAME","LEVEL","UNITS","CLASS","MAJOR","GRADE","STATUS","EMAIL"
""
"CID","TERM","SUBJ","CRSE","SEC","UNITS"
"91830","201106","DEF","300","16","1.000 - 5.000"
""
"INSTRUCTOR(S)","TYPE","DAYS","TIME","BUILD","ROOM"
"Mcdaniel, Elijah I.","Variable","","","",""
""
"SEAT","SID","SURNAME","PREFNAME","LEVEL","UNITS","CLASS","MAJOR","GRADE","STATUS","EMAIL"
"1","542740048","Thompson","Anthony","ND","1","ND","O253","P","RE","anthony.e.thompson@fakeu.edu"
"2","140213604","Wyatt","Isabella","ND","1","ND","O253","P","RE","isabella.g.wyatt@fakeu.edu"
""
"CID","TERM","SUBJ","CRSE","SEC","UNITS"
"89419","201106","DEF","300","28","1.000 - 5.000"
""
"INSTRUCTOR(S)","TYPE","DAYS","TIME","BUILD","ROOM"
"Rodriguez, Ryan A.","Variable","","","",""
""
"SEAT","SID","SURNAME","PREFNAME","LEVEL","UNITS","CLASS","MAJOR","GRADE","STATUS","EMAIL"
""
"CID","TERM","SUBJ","CRSE","SEC","UNITS"
"15433","201106","DEF","417","0","1"
""
"INSTRUCTOR(S)","TYPE","DAYS","TIME","BUILD","ROOM"
"","Discussion","","","",""
""
"SEAT","SID","SURNAME","PREFNAME","LEVEL","UNITS","CLASS","MAJOR","GRADE","STATUS","EMAIL"
""
"CID","TERM","SUBJ","CRSE","SEC","UNITS"
"79788","201106","DEF","417","1","1"
""
"INSTRUCTOR(S)","TYPE","DAYS","TIME","BUILD","ROOM"
"Sanders, Julian R.","Discussion","","","",""
""
"SEAT","SID","SURNAME","PREFNAME","LEVEL","UNITS","CLASS","MAJOR","GRADE","STATUS","EMAIL"
""
"CID","TERM","SUBJ","CRSE","SEC","UNITS"
"74331","201106","DEF","417","2","1"
""
"INSTRUCTOR(S)","TYPE","DAYS","TIME","BUILD","ROOM"
"Moody, Emma F.","Discussion","","","",""
""
"SEAT","SID","SURNAME","PREFNAME","LEVEL","UNITS","CLASS","MAJOR","GRADE","STATUS","EMAIL"
""
"CID","TERM","SUBJ","CRSE","SEC","UNITS"
"26392","201106","DEF","417","12","1"
""
"INSTRUCTOR(S)","TYPE","DAYS","TIME","BUILD","ROOM"
"Sanders, Ruby I.","Discussion","","","",""
""
"SEAT","SID","SURNAME","PREFNAME","LEVEL","UNITS","CLASS","MAJOR","GRADE","STATUS","EMAIL"
""
"CID","TERM","SUBJ","CRSE","SEC","UNITS"
"63482","201106","DEF","417","16","1"
""
"INSTRUCTOR(S)","TYPE","DAYS","TIME","BUILD","ROOM"
"Lopez, Joseph S.","Discussion","","","",""
""
"SEAT","SID","SURNAME","PREFNAME","LEVEL","UNITS","CLASS","MAJOR","GRADE","STATUS","EMAIL"
""
"CID","TERM","SUBJ","CRSE","SEC","UNITS"
"39274","201106","DEF","417","17","1"
""
"INSTRUCTOR(S)","TYPE","DAYS","TIME","BUILD","ROOM"
"Cox, Jordan V.","Discussion","","","",""
""
"SEAT","SID","SURNAME","PREFNAME","LEVEL","UNITS","CLASS","MAJOR","GRADE","STATUS","EMAIL"
""
"CID","TERM","SUBJ","CRSE","SEC","UNITS"
"22414","201106","DEF","417","40","1"
""
"INSTRUCTOR(S)","TYPE","DAYS","TIME","BUILD","ROOM"
"Terry, Sophie L.","Discussion","","","",""
""
"SEAT","SID","SURNAME","PREFNAME","LEVEL","UNITS","CLASS","MAJOR","GRADE","STATUS","EMAIL"
""
"CID","TERM","SUBJ","CRSE","SEC","UNITS"
"70059","201106","DEF","426","0","1.000 - 12.000"
""
"INSTRUCTOR(S)","TYPE","DAYS","TIME","BUILD","ROOM"
"","Variable","","","",""
""
"SEAT","SID","SURNAME","PREFNAME","LEVEL","UNITS","CLASS","MAJOR","GRADE","STATUS","EMAIL"
""
"CID","TERM","SUBJ","CRSE","SEC","UNITS"
"26202","201106","DEF","426","1","1.000 - 12.000"
""
"INSTRUCTOR(S)","TYPE","DAYS","TIME","BUILD","ROOM"
"Gibson, Melanie M.","Variable","","","",""
""
"SEAT","SID","SURNAME","PREFNAME","LEVEL","UNITS","CLASS","MAJOR","GRADE","STATUS","EMAIL"
""
"CID","TERM","SUBJ","CRSE","SEC","UNITS"
"32250","201106","DEF","426","2","1.000 - 12.000"
""
"INSTRUCTOR(S)","TYPE","DAYS","TIME","BUILD","ROOM"
"Griffith, Dylan J.","Variable","","","",""
""
"SEAT","SID","SURNAME","PREFNAME","LEVEL","UNITS","CLASS","MAJOR","GRADE","STATUS","EMAIL"
""
"CID","TERM","SUBJ","CRSE","SEC","UNITS"
"81628","201106","DEF","426","3","1.000 - 12.000"
""
"INSTRUCTOR(S)","TYPE","DAYS","TIME","BUILD","ROOM"
"Stafford, Aaliyah A.","Variable","","","",""
""
"SEAT","SID","SURNAME","PREFNAME","LEVEL","UNITS","CLASS","MAJOR","GRADE","STATUS","EMAIL"
"1","289467206","Knox","Sophia","GR","1","D2","DEFG","NG","RE","sophia.h.knox@fakeu.edu"
""
"CID","TERM","SUBJ","CRSE","SEC","UNITS"
"71503","201106","DEF","426","5","1.000 - 12.000"
""
"INSTRUCTOR(S)","TYPE","DAYS","TIME","BUILD","ROOM"
"Mason, Daniel M.","Variable","","","",""
""
"SEAT","SID","SURNAME","PREFNAME","LEVEL","UNITS","CLASS","MAJOR","GRADE","STATUS","EMAIL"
"1","882920798","Yang","Santiago","GR","1","GM","DEFG","NG","RE","santiago.r.yang@fakeu.edu"
""
"CID","TERM","SUBJ","CRSE","SEC","UNITS"
"83317","201106","DEF","426","6","1.000 - 12.000"
""
"INSTRUCTOR(S)","TYPE","DAYS","TIME","BUILD","ROOM"
"Moody, Emma F.","Variable","","","",""
""
"SEAT","SID","SURNAME","PREFNAME","LEVEL","UNITS","CLASS","MAJOR","GRADE","STATUS","EMAIL"
""
"CID","TERM","SUBJ","CRSE","SEC","UNITS"
"53234","201106","DEF","426","9","1.000 - 12.000"
""
"INSTRUCTOR(S)","TYPE","DAYS","TIME","BUILD","ROOM"
"Cox, Jordan V.","Variable","","","",""
""
"SEAT","SID","SURNAME","PREFNAME","LEVEL","UNITS","CLASS","MAJOR","GRADE","STATUS","EMAIL"
""
"CID","TERM","SUBJ","CRSE","SEC","UNITS"
"83035","201106","DEF","426","11","1.000 - 12.000"
""
"INSTRUCTOR(S)","TYPE","DAYS","TIME","BUILD","ROOM"
"Wilson, Jocelyn A.","Variable","","","",""
""
"SEAT","SID","SURNAME","PREFNAME","LEVEL","UNITS","CLASS","MAJOR","GRADE","STATUS","EMAIL"
""
"CID","TERM","SUBJ","CRSE","SEC","UNITS"
"83149","201106","DEF","426","12","1.000 - 12.000"
""
"INSTRUCTOR(S)","TYPE","DAYS","TIME","BUILD","ROOM"
"Sanders, Ruby I.","Variable","","","",""
""
"SEAT","SID","SURNAME","PREFNAME","LEVEL","UNITS","CLASS","MAJOR","GRADE","STATUS","EMAIL"
"1","859509698","Mclaughlin","Aubrey","GR","1","D2","DEFG","S","RE","aubrey.j.mclaughlin@fakeu.edu"
"2","443334894","Jones","Angel","GR","1","D2","DEFG","S","RE","angel.d.jones@fakeu.edu"
""
"CID","TERM","SUBJ","CRSE","SEC","UNITS"
"93694","201106","DEF","426","16","1.000 - 12.000"
""
"INSTRUCTOR(S)","TYPE","DAYS","TIME","BUILD","ROOM"
"Lopez, Joseph S.","Variable","","","",""
""
"SEAT","SID","SURNAME","PREFNAME","LEVEL","UNITS","CLASS","MAJOR","GRADE","STATUS","EMAIL"
""
"CID","TERM","SUBJ","CRSE","SEC","UNITS"
"99667","201106","DEF","426","17","1.000 - 12.000"
""
"INSTRUCTOR(S)","TYPE","DAYS","TIME","BUILD","ROOM"
"Sanders, Julian R.","Variable","","","",""
""
"SEAT","SID","SURNAME","PREFNAME","LEVEL","UNITS","CLASS","MAJOR","GRADE","STATUS","EMAIL"
"1","963524651","Cardenas","Ava","GR","1","D1","DEFG","S","RE","ava.k.cardenas@fakeu.edu"
""
"CID","TERM","SUBJ","CRSE","SEC","UNITS"
"95154","201106","DEF","426","20","1.000 - 12.000"
""
"INSTRUCTOR(S)","TYPE","DAYS","TIME","BUILD","ROOM"
"Harper, Samuel M.","Variable","","","",""
""
"SEAT","SID","SURNAME","PREFNAME","LEVEL","UNITS","CLASS","MAJOR","GRADE","STATUS","EMAIL"
"1","249057176","Mathis","Bella","GR","1","D1","DEFG","NG","RE","bella.c.mathis@fakeu.edu"
"2","615672538","Hernandez","Isaiah","GR","1","GM","DEFG","NG","RE","isaiah.z.hernandez@fakeu.edu"
""
"CID","TERM","SUBJ","CRSE","SEC","UNITS"
"84437","201106","DEF","426","21","1.000 - 12.000"
""
"INSTRUCTOR(S)","TYPE","DAYS","TIME","BUILD","ROOM"
"Snyder, Samantha R.","Variable","","","",""
""
"SEAT","SID","SURNAME","PREFNAME","LEVEL","UNITS","CLASS","MAJOR","GRADE","STATUS","EMAIL"
""
"CID","TERM","SUBJ","CRSE","SEC","UNITS"
"95050","201106","DEF","426","22","1.000 - 12.000"
""
"INSTRUCTOR(S)","TYPE","DAYS","TIME","BUILD","ROOM"
"Suarez, Julian J.","Variable","","","",""
""
"SEAT","SID","SURNAME","PREFNAME","LEVEL","UNITS","CLASS","MAJOR","GRADE","STATUS","EMAIL"
""
"CID","TERM","SUBJ","CRSE","SEC","UNITS"
"51309","201106","DEF","426","23","1.000 - 12.000"
""
"INSTRUCTOR(S)","TYPE","DAYS","TIME","BUILD","ROOM"
"Taylor, Liam L.","Variable","","","",""
""
"SEAT","SID","SURNAME","PREFNAME","LEVEL","UNITS","CLASS","MAJOR","GRADE","STATUS","EMAIL"
"1","317719731","Jackson","Evelyn","GR","1","D2","DEFG","S","RE","evelyn.l.jackson@fakeu.edu"
"2","453124927","Everett","Zoe","GR","6","D2","DEFG","S","RE","zoe.a.everett@fakeu.edu"
""
"CID","TERM","SUBJ","CRSE","SEC","UNITS"
"70302","201106","DEF","426","29","1.000 - 12.000"
""
"INSTRUCTOR(S)","TYPE","DAYS","TIME","BUILD","ROOM"
"Patterson, Savannah Q.","Variable","","","",""
""
"SEAT","SID","SURNAME","PREFNAME","LEVEL","UNITS","CLASS","MAJOR","GRADE","STATUS","EMAIL"
""
"CID","TERM","SUBJ","CRSE","SEC","UNITS"
"67702","201106","DEF","426","31","1.000 - 12.000"
""
"INSTRUCTOR(S)","TYPE","DAYS","TIME","BUILD","ROOM"
"Boone, Sofia M.","Variable","","","",""
""
"SEAT","SID","SURNAME","PREFNAME","LEVEL","UNITS","CLASS","MAJOR","GRADE","STATUS","EMAIL"
"1","153085917","O'neil","Andrew","GR","1","D2","DEFG","S","RE","andrew.b.o'neil@fakeu.edu"
""
"CID","TERM","SUBJ","CRSE","SEC","UNITS"
"12591","201106","DEF","426","33","1.000 - 12.000"
""
"INSTRUCTOR(S)","TYPE","DAYS","TIME","BUILD","ROOM"
"Tyler, Isaac J.","Variable","","","",""
""
"SEAT","SID","SURNAME","PREFNAME","LEVEL","UNITS","CLASS","MAJOR","GRADE","STATUS","EMAIL"
""
"CID","TERM","SUBJ","CRSE","SEC","UNITS"
"88245","201106","DEF","426","40","1.000 - 12.000"
""
"INSTRUCTOR(S)","TYPE","DAYS","TIME","BUILD","ROOM"
"Terry, Sophie L.","Variable","","","",""
""
"SEAT","SID","SURNAME","PREFNAME","LEVEL","UNITS","CLASS","MAJOR","GRADE","STATUS","EMAIL"
""
"CID","TERM","SUBJ","CRSE","SEC","UNITS"
"26030","201106","DEF","426","46","1.000 - 12.000"
""
"INSTRUCTOR(S)","TYPE","DAYS","TIME","BUILD","ROOM"
"Anderson, Samuel J.","Variable","","","",""
""
"SEAT","SID","SURNAME","PREFNAME","LEVEL","UNITS","CLASS","MAJOR","GRADE","STATUS","EMAIL"
"1","869062337","Franklin","James","GR","1","D2","DEFG","NG","RE","james.e.franklin@fakeu.edu"
""
"CID","TERM","SUBJ","CRSE","SEC","UNITS"
"88668","201106","DEF","426","51","1.000 - 12.000"
""
"INSTRUCTOR(S)","TYPE","DAYS","TIME","BUILD","ROOM"
"Miller, Liam M.","Variable","","","",""
""
"SEAT","SID","SURNAME","PREFNAME","LEVEL","UNITS","CLASS","MAJOR","GRADE","STATUS","EMAIL"
""
"CID","TERM","SUBJ","CRSE","SEC","UNITS"
"27887","201106","DEF","426","52","1.000 - 12.000"
""
"INSTRUCTOR(S)","TYPE","DAYS","TIME","BUILD","ROOM"
"Martin, Audrey T.","Variable","","","",""
""
"SEAT","SID","SURNAME","PREFNAME","LEVEL","UNITS","CLASS","MAJOR","GRADE","STATUS","EMAIL"
"1","170870472","Schultz","Andrew","GR","1","D1","DEFG","NG","RE","andrew.i.schultz@fakeu.edu"
""
"CID","TERM","SUBJ","CRSE","SEC","UNITS"
"66502","201106","DEF","201","21","5"
""
"INSTRUCTOR(S)","TYPE","DAYS","TIME","BUILD","ROOM"
"Lopez, Luke G.","Laboratory","TR","11:00 AM - 1:30 PM","MB4","2290"
"","Discussion","M","12:10 PM - 1:50 PM","TB3","118"
"","Lecture","MWF","2:10 PM - 3:50 PM","TB3","118"
""
"SEAT","SID","SURNAME","PREFNAME","LEVEL","UNITS","CLASS","MAJOR","GRADE","STATUS","EMAIL"
"1","662440090","Hernandez","Caleb","UG","5","SR","ABC2","C+","RE","caleb.e.hernandez@fakeu.edu"
"2","742691137","Smith","Melanie","UG","5","SR","ABC2","C+","RE","melanie.i.smith@fakeu.edu"
"3","660307597","Key","Santiago","UG","5","SR","ABC2","A+","RE","santiago.i.key@fakeu.edu"
"4","173506260","Riley","Isaac","UG","5","SR","DEF1","A-","RE","isaac.s.riley@fakeu.edu"
"5","832392984","Johns","Zoe","UG","5","SR","DEF1","A+","RE","zoe.a.johns@fakeu.edu"
"6","666385327","Salas","Ariana","UG","5","SR","ABC2","A+","RE","ariana.d.salas@fakeu.edu"
"7","819103147","Cochran","Scarlett","UG","5","SR","DEF2","A+","RE","scarlett.m.cochran@fakeu.edu"
"8","375075232","Cox","Andres","UG","5","SR","ABC2","A","RE","andres.j.cox@fakeu.edu"
"9","276787096","Boyd","Aiden","UG","5","SR","DEF2","B","RE","aiden.s.boyd@fakeu.edu"
"10","318617767","Kirk","Jayden","UG","5","SR","DEF1","B-","RE","jayden.s.kirk@fakeu.edu"
"11","933509920","Simmons","Jayden","UG","5","JR","DEF1","C-","RE","jayden.d.simmons@fakeu.edu"
"12","906641066","Barnes","Nathaniel","UG","5","SR","ABC2","B","RE","nathaniel.m.barnes@fakeu.edu"
"13","847343905","Nelson","Damian","UG","5","JR","DEF1","A","RE","damian.i.nelson@fakeu.edu"
"14","331931728","Miller","Lucas","UG","5","SR","DEF1","A","RE","lucas.l.miller@fakeu.edu"
"15","582237886","Underwood","Audrey","UG","5","JR","DEF1","F","RE","audrey.b.underwood@fakeu.edu"
"16","215791445","Ward","Anthony","UG","5","JR","ABC2","A-","RE","anthony.c.ward@fakeu.edu"
""
"CID","TERM","SUBJ","CRSE","SEC","UNITS"
"52618","201106","DEF","201","22","5"
""
"INSTRUCTOR(S)","TYPE","DAYS","TIME","BUILD","ROOM"
"Lopez, Luke G.","Discussion","M","12:10 PM - 1:50 PM","TB3","118"
"","Lecture","MWF","2:10 PM - 3:50 PM","TB3","118"
"","Laboratory","TR","2:10 PM - 4:40 PM","MB4","2290"
""
"SEAT","SID","SURNAME","PREFNAME","LEVEL","UNITS","CLASS","MAJOR","GRADE","STATUS","EMAIL"
"1","288177784","Carter","Liam","UG","5","SR","OTH7","D-","RE","liam.l.carter@fakeu.edu"
"2","654687217","Jackson","Jayden","UG","5","SR","O224","A+","RE","jayden.j.jackson@fakeu.edu"
"3","781577956","Mcfarland","Xavier","UG","5","SR","OT35","A-","RE","xavier.a.mcfarland@fakeu.edu"
"4","975951467","Thompson","Aubrey","UG","5","SR","DEF1","A-","RE","aubrey.a.thompson@fakeu.edu"
"5","309119114","Boyer","Audrey","UG","5","SR","ABC2","A-","RE","audrey.x.boyer@fakeu.edu"
"6","649863927","Marsh","Adrian","UG","5","JR","DEF1","B+","RE","adrian.v.marsh@fakeu.edu"
"7","420788226","Morris","Logan","UG","5","JR","DEF1","B-","RE","logan.j.morris@fakeu.edu"
"8","620111493","Meyers","Emily","UG","5","JR","DEF1","B-","RE","emily.m.meyers@fakeu.edu"
"9","633168548","Boyd","Valentina","UG","5","JR","DEF2","B-","RE","valentina.s.boyd@fakeu.edu"
"10","368574921","Campbell","Leah","UG","5","JR","ABC2","A","RE","leah.m.campbell@fakeu.edu"
"11","801369934","Cobb","Melissa","UG","5","SR","O224","A","RE","melissa.l.cobb@fakeu.edu"
"12","488121471","Lee","Nathan","UG","5","JR","DEF1","D-","RE","nathan.k.lee@fakeu.edu"
"13","523919241","Porter","Andres","UG","5","SR","DEF2","A-","RE","andres.a.porter@fakeu.edu"
"14","915989479","Walters","Andrew","UG","5","SR","OT62","A+","RE","andrew.a.walters@fakeu.edu"
"15","915163232","Harmon","Emily","UG","5","SR","ABC2","C+","RE","emily.n.harmon@fakeu.edu"
"16","986643289","Green","Nevaeh","UG","5","SR","OT35","A","RE","nevaeh.j.green@fakeu.edu"
"17","708144678","Schneider","Tyler","UG","5","JR","DEF1","C+","RE","tyler.g.schneider@fakeu.edu"
"18","734345982","Wilson","Isabella","UG","5","FR","ABC2","A+","RE","isabella.s.wilson@fakeu.edu"
"19","950608669","Adams","Mia","UG","5","SR","DEF1","A","RE","mia.s.adams@fakeu.edu"
"20","912132597","Ray","Landon","UG","5","JR","DEF1","A","RE","landon.n.ray@fakeu.edu"
"21","493070697","Prince","Damian","UG","5","JR","DEF2","A+","RE","damian.r.prince@fakeu.edu"
"22","413942164","Woods","Ella","UG","5","SR","DEF1","B+","RE","ella.v.woods@fakeu.edu"
""
"CID","TERM","SUBJ","CRSE","SEC","UNITS"
"44606","201106","DEF","285","0","1"
""
"INSTRUCTOR(S)","TYPE","DAYS","TIME","BUILD","ROOM"
"","Discussion","","","",""
""
"SEAT","SID","SURNAME","PREFNAME","LEVEL","UNITS","CLASS","MAJOR","GRADE","STATUS","EMAIL"
""
"CID","TERM","SUBJ","CRSE","SEC","UNITS"
"25911","201106","DEF","285","1","1"
""
"INSTRUCTOR(S)","TYPE","DAYS","TIME","BUILD","ROOM"
"Griffith, Dylan J.","Discussion","","","",""
""
"SEAT","SID","SURNAME","PREFNAME","LEVEL","UNITS","CLASS","MAJOR","GRADE","STATUS","EMAIL"
""
"CID","TERM","SUBJ","CRSE","SEC","UNITS"
"86406","201106","DEF","285","2","1"
""
"INSTRUCTOR(S)","TYPE","DAYS","TIME","BUILD","ROOM"
"","Discussion","","","",""
""
"SEAT","SID","SURNAME","PREFNAME","LEVEL","UNITS","CLASS","MAJOR","GRADE","STATUS","EMAIL"
""
"CID","TERM","SUBJ","CRSE","SEC","UNITS"
"18191","201106","DEF","285","8","1"
""
"INSTRUCTOR(S)","TYPE","DAYS","TIME","BUILD","ROOM"
"Turner, Giovanni E.","Discussion","","","",""
""
"SEAT","SID","SURNAME","PREFNAME","LEVEL","UNITS","CLASS","MAJOR","GRADE","STATUS","EMAIL"
""
"CID","TERM","SUBJ","CRSE","SEC","UNITS"
"62383","201106","DEF","286","0","1.000 - 5.000"
""
"INSTRUCTOR(S)","TYPE","DAYS","TIME","BUILD","ROOM"
"","Internship","","","",""
""
"SEAT","SID","SURNAME","PREFNAME","LEVEL","UNITS","CLASS","MAJOR","GRADE","STATUS","EMAIL"
""
"CID","TERM","SUBJ","CRSE","SEC","UNITS"
"25997","201106","DEF","286","1","1.000 - 5.000"
""
"INSTRUCTOR(S)","TYPE","DAYS","TIME","BUILD","ROOM"
"Hodges, Jose I.","Internship","","","",""
""
"SEAT","SID","SURNAME","PREFNAME","LEVEL","UNITS","CLASS","MAJOR","GRADE","STATUS","EMAIL"
"1","749238436","Reilly","Lucas","UL","5","UL","DEF1","I","RE","lucas.k.reilly@fakeu.edu"
""
"CID","TERM","SUBJ","CRSE","SEC","UNITS"
"28650","201106","DEF","286","9","1.000 - 5.000"
""
"INSTRUCTOR(S)","TYPE","DAYS","TIME","BUILD","ROOM"
"Cox, Jordan V.","Internship","","","",""
""
"SEAT","SID","SURNAME","PREFNAME","LEVEL","UNITS","CLASS","MAJOR","GRADE","STATUS","EMAIL"
""
"CID","TERM","SUBJ","CRSE","SEC","UNITS"
"91309","201106","DEF","286","11","1.000 - 5.000"
""
"INSTRUCTOR(S)","TYPE","DAYS","TIME","BUILD","ROOM"
"White, Jonathan E.","Internship","","","",""
""
"SEAT","SID","SURNAME","PREFNAME","LEVEL","UNITS","CLASS","MAJOR","GRADE","STATUS","EMAIL"
""
"CID","TERM","SUBJ","CRSE","SEC","UNITS"
"31023","201106","DEF","286","13","1.000 - 5.000"
""
"INSTRUCTOR(S)","TYPE","DAYS","TIME","BUILD","ROOM"
"White, Jonathan E.","Internship","","","",""
""
"SEAT","SID","SURNAME","PREFNAME","LEVEL","UNITS","CLASS","MAJOR","GRADE","STATUS","EMAIL"
""
"CID","TERM","SUBJ","CRSE","SEC","UNITS"
"16677","201106","DEF","286","23","1.000 - 5.000"
""
"INSTRUCTOR(S)","TYPE","DAYS","TIME","BUILD","ROOM"
"Taylor, Liam L.","Internship","","","",""
""
"SEAT","SID","SURNAME","PREFNAME","LEVEL","UNITS","CLASS","MAJOR","GRADE","STATUS","EMAIL"
""
"CID","TERM","SUBJ","CRSE","SEC","UNITS"
"34514","201106","DEF","299","23","1.000 - 5.000"
""
"INSTRUCTOR(S)","TYPE","DAYS","TIME","BUILD","ROOM"
"Taylor, Liam L.","Variable","","","",""
""
"SEAT","SID","SURNAME","PREFNAME","LEVEL","UNITS","CLASS","MAJOR","GRADE","STATUS","EMAIL"
""
"CID","TERM","SUBJ","CRSE","SEC","UNITS"
"25148","201106","DEF","300","1","1.000 - 5.000"
""
"INSTRUCTOR(S)","TYPE","DAYS","TIME","BUILD","ROOM"
"Griffith, Dylan J.","Variable","","","",""
""
"SEAT","SID","SURNAME","PREFNAME","LEVEL","UNITS","CLASS","MAJOR","GRADE","STATUS","EMAIL"
""
"CID","TERM","SUBJ","CRSE","SEC","UNITS"
"53543","201106","DEF","300","2","1.000 - 5.000"
""
"INSTRUCTOR(S)","TYPE","DAYS","TIME","BUILD","ROOM"
"Hodges, Jose I.","Variable","","","",""
""
"SEAT","SID","SURNAME","PREFNAME","LEVEL","UNITS","CLASS","MAJOR","GRADE","STATUS","EMAIL"
""
"CID","TERM","SUBJ","CRSE","SEC","UNITS"
"10097","201106","DEF","300","3","1.000 - 5.000"
""
"INSTRUCTOR(S)","TYPE","DAYS","TIME","BUILD","ROOM"
"Mcdaniel, Elijah I.","Variable","","","",""
""
"SEAT","SID","SURNAME","PREFNAME","LEVEL","UNITS","CLASS","MAJOR","GRADE","STATUS","EMAIL"
"1","542740048","Thompson","Anthony","ND","1","ND","O253","P","RE","anthony.e.thompson@fakeu.edu"
"2","140213604","Wyatt","Isabella","ND","1","ND","O253","P","RE","isabella.g.wyatt@fakeu.edu"
""
"CID","TERM","SUBJ","CRSE","SEC","UNITS"
"57203","201106","DEF","300","4","1.000 - 5.000"
""
"INSTRUCTOR(S)","TYPE","DAYS","TIME","BUILD","ROOM"
"Wiley, Natalie A.","Variable","","","",""
""
"SEAT","SID","SURNAME","PREFNAME","LEVEL","UNITS","CLASS","MAJOR","GRADE","STATUS","EMAIL"
"1","490530723","Holden","Allison","UG","2","SR","DEF1","P","RE","allison.n.holden@fakeu.edu"
""
"CID","TERM","SUBJ","CRSE","SEC","UNITS"
"37592","201106","DEF","300","5","1.000 - 5.000"
""
"INSTRUCTOR(S)","TYPE","DAYS","TIME","BUILD","ROOM"
"Mason, Daniel M.","Variable","","","",""
""
"SEAT","SID","SURNAME","PREFNAME","LEVEL","UNITS","CLASS","MAJOR","GRADE","STATUS","EMAIL"
""
"CID","TERM","SUBJ","CRSE","SEC","UNITS"
"54601","201106","DEF","300","8","1.000 - 5.000"
""
"INSTRUCTOR(S)","TYPE","DAYS","TIME","BUILD","ROOM"
"Turner, Giovanni E.","Variable","","","",""
""
"SEAT","SID","SURNAME","PREFNAME","LEVEL","UNITS","CLASS","MAJOR","GRADE","STATUS","EMAIL"
""
"CID","TERM","SUBJ","CRSE","SEC","UNITS"
"36674","201106","DEF","300","22","1.000 - 5.000"
""
"INSTRUCTOR(S)","TYPE","DAYS","TIME","BUILD","ROOM"
"Suarez, Julian J.","Variable","","","",""
""
"SEAT","SID","SURNAME","PREFNAME","LEVEL","UNITS","CLASS","MAJOR","GRADE","STATUS","EMAIL"
"1","280964397","Butler","Christopher","UG","1","SR","OT62","P","RE","christopher.s.butler@fakeu.edu"
""
"CID","TERM","SUBJ","CRSE","SEC","UNITS"
"45491","201106","DEF","300","23","1.000 - 5.000"
""
"INSTRUCTOR(S)","TYPE","DAYS","TIME","BUILD","ROOM"
"Taylor, Liam L.","Variable","","","",""
""
"SEAT","SID","SURNAME","PREFNAME","LEVEL","UNITS","CLASS","MAJOR","GRADE","STATUS","EMAIL"
""
"CID","TERM","SUBJ","CRSE","SEC","UNITS"
"81336","201106","DEF","417","0","1"
""
"INSTRUCTOR(S)","TYPE","DAYS","TIME","BUILD","ROOM"
"","Discussion","","","",""
""
"SEAT","SID","SURNAME","PREFNAME","LEVEL","UNITS","CLASS","MAJOR","GRADE","STATUS","EMAIL"
""
"CID","TERM","SUBJ","CRSE","SEC","UNITS"
"96145","201106","DEF","417","1","1"
""
"INSTRUCTOR(S)","TYPE","DAYS","TIME","BUILD","ROOM"
"Sanders, Julian R.","Discussion","","","",""
""
"SEAT","SID","SURNAME","PREFNAME","LEVEL","UNITS","CLASS","MAJOR","GRADE","STATUS","EMAIL"
""
"CID","TERM","SUBJ","CRSE","SEC","UNITS"
"51555","201106","DEF","417","2","1"
""
"INSTRUCTOR(S)","TYPE","DAYS","TIME","BUILD","ROOM"
"Stafford, Aaliyah A.","Discussion","","","",""
""
"SEAT","SID","SURNAME","PREFNAME","LEVEL","UNITS","CLASS","MAJOR","GRADE","STATUS","EMAIL"
""
"CID","TERM","SUBJ","CRSE","SEC","UNITS"
"26161","201106","DEF","417","12","1"
""
"INSTRUCTOR(S)","TYPE","DAYS","TIME","BUILD","ROOM"
"Sanders, Ruby I.","Discussion","","","",""
""
"SEAT","SID","SURNAME","PREFNAME","LEVEL","UNITS","CLASS","MAJOR","GRADE","STATUS","EMAIL"
""
"CID","TERM","SUBJ","CRSE","SEC","UNITS"
"67990","201106","DEF","417","24","1"
""
"INSTRUCTOR(S)","TYPE","DAYS","TIME","BUILD","ROOM"
"Noel, Alexa K.","Discussion","","","",""
""
"SEAT","SID","SURNAME","PREFNAME","LEVEL","UNITS","CLASS","MAJOR","GRADE","STATUS","EMAIL"
""
"CID","TERM","SUBJ","CRSE","SEC","UNITS"
"86635","201106","DEF","417","40","1"
""
"INSTRUCTOR(S)","TYPE","DAYS","TIME","BUILD","ROOM"
"Terry, Sophie L.","Discussion","","","",""
""
"SEAT","SID","SURNAME","PREFNAME","LEVEL","UNITS","CLASS","MAJOR","GRADE","STATUS","EMAIL"
""
"CID","TERM","SUBJ","CRSE","SEC","UNITS"
"18334","201106","DEF","426","0","1.000 - 12.000"
""
"INSTRUCTOR(S)","TYPE","DAYS","TIME","BUILD","ROOM"
"","Variable","","","",""
""
"SEAT","SID","SURNAME","PREFNAME","LEVEL","UNITS","CLASS","MAJOR","GRADE","STATUS","EMAIL"
""
"CID","TERM","SUBJ","CRSE","SEC","UNITS"
"53334","201106","DEF","426","1","1.000 - 12.000"
""
"INSTRUCTOR(S)","TYPE","DAYS","TIME","BUILD","ROOM"
"Gibson, Melanie M.","Variable","","","",""
""
"SEAT","SID","SURNAME","PREFNAME","LEVEL","UNITS","CLASS","MAJOR","GRADE","STATUS","EMAIL"
""
"CID","TERM","SUBJ","CRSE","SEC","UNITS"
"39528","201106","DEF","426","2","1.000 - 12.000"
""
"INSTRUCTOR(S)","TYPE","DAYS","TIME","BUILD","ROOM"
"Tyler, Isaac J.","Variable","","","",""
""
"SEAT","SID","SURNAME","PREFNAME","LEVEL","UNITS","CLASS","MAJOR","GRADE","STATUS","EMAIL"
"1","611835204","Henderson","Arianna","GR","1","D1","DEFG","NG","RE","arianna.j.henderson@fakeu.edu"
""
"CID","TERM","SUBJ","CRSE","SEC","UNITS"
"14616","201106","DEF","426","3","1.000 - 12.000"
""
"INSTRUCTOR(S)","TYPE","DAYS","TIME","BUILD","ROOM"
"Goodwin, David A.","Variable","","","",""
""
"SEAT","SID","SURNAME","PREFNAME","LEVEL","UNITS","CLASS","MAJOR","GRADE","STATUS","EMAIL"
""
"CID","TERM","SUBJ","CRSE","SEC","UNITS"
"96368","201106","DEF","426","4","1.000 - 12.000"
""
"INSTRUCTOR(S)","TYPE","DAYS","TIME","BUILD","ROOM"
"Cox, Jordan V.","Variable","","","",""
""
"SEAT","SID","SURNAME","PREFNAME","LEVEL","UNITS","CLASS","MAJOR","GRADE","STATUS","EMAIL"
"1","788843471","Davis","Samantha","GR","1","GM","DEFG","S","RE","samantha.m.davis@fakeu.edu"
""
"CID","TERM","SUBJ","CRSE","SEC","UNITS"
"18668","201106","DEF","426","5","1.000 - 12.000"
""
"INSTRUCTOR(S)","TYPE","DAYS","TIME","BUILD","ROOM"
"Mason, Daniel M.","Variable","","","",""
""
"SEAT","SID","SURNAME","PREFNAME","LEVEL","UNITS","CLASS","MAJOR","GRADE","STATUS","EMAIL"
"1","510949466","Lewis","Sophia","GR","1","GM","DEFG","S","RE","sophia.n.lewis@fakeu.edu"
"2","561442670","Clark","Sarah","GR","1","GM","DEFG","S","RE","sarah.j.clark@fakeu.edu"
""
"CID","TERM","SUBJ","CRSE","SEC","UNITS"
"49438","201106","DEF","426","11","1.000 - 12.000"
""
"INSTRUCTOR(S)","TYPE","DAYS","TIME","BUILD","ROOM"
"Wilson, Jocelyn A.","Variable","","","",""
""
"SEAT","SID","SURNAME","PREFNAME","LEVEL","UNITS","CLASS","MAJOR","GRADE","STATUS","EMAIL"
""
"CID","TERM","SUBJ","CRSE","SEC","UNITS"
"23044","201106","DEF","426","12","1.000 - 12.000"
""
"INSTRUCTOR(S)","TYPE","DAYS","TIME","BUILD","ROOM"
"Sanders, Ruby I.","Variable","","","",""
""
"SEAT","SID","SURNAME","PREFNAME","LEVEL","UNITS","CLASS","MAJOR","GRADE","STATUS","EMAIL"
""
"CID","TERM","SUBJ","CRSE","SEC","UNITS"
"27186","201106","DEF","426","17","1.000 - 12.000"
""
"INSTRUCTOR(S)","TYPE","DAYS","TIME","BUILD","ROOM"
"Sanders, Julian R.","Variable","","","",""
""
"SEAT","SID","SURNAME","PREFNAME","LEVEL","UNITS","CLASS","MAJOR","GRADE","STATUS","EMAIL"
""
"CID","TERM","SUBJ","CRSE","SEC","UNITS"
"55196","201106","DEF","426","22","1.000 - 12.000"
""
"INSTRUCTOR(S)","TYPE","DAYS","TIME","BUILD","ROOM"
"Suarez, Julian J.","Variable","","","",""
""
"SEAT","SID","SURNAME","PREFNAME","LEVEL","UNITS","CLASS","MAJOR","GRADE","STATUS","EMAIL"
""
"CID","TERM","SUBJ","CRSE","SEC","UNITS"
"11569","201106","DEF","426","23","1.000 - 12.000"
""
"INSTRUCTOR(S)","TYPE","DAYS","TIME","BUILD","ROOM"
"Taylor, Liam L.","Variable","","","",""
""
"SEAT","SID","SURNAME","PREFNAME","LEVEL","UNITS","CLASS","MAJOR","GRADE","STATUS","EMAIL"
""
"CID","TERM","SUBJ","CRSE","SEC","UNITS"
"30408","201106","DEF","426","24","1.000 - 12.000"
""
"INSTRUCTOR(S)","TYPE","DAYS","TIME","BUILD","ROOM"
"Noel, Alexa K.","Variable","","","",""
""
"SEAT","SID","SURNAME","PREFNAME","LEVEL","UNITS","CLASS","MAJOR","GRADE","STATUS","EMAIL"
""
"CID","TERM","SUBJ","CRSE","SEC","UNITS"
"12521","201106","DEF","426","40","1.000 - 12.000"
""
"INSTRUCTOR(S)","TYPE","DAYS","TIME","BUILD","ROOM"
"Terry, Sophie L.","Variable","","","",""
""
"SEAT","SID","SURNAME","PREFNAME","LEVEL","UNITS","CLASS","MAJOR","GRADE","STATUS","EMAIL"
""
"CID","TERM","SUBJ","CRSE","SEC","UNITS"
"95552","201106","DEF","426","46","1.000 - 12.000"
""
"INSTRUCTOR(S)","TYPE","DAYS","TIME","BUILD","ROOM"
"Anderson, Samuel J.","Variable","","","",""
""
"SEAT","SID","SURNAME","PREFNAME","LEVEL","UNITS","CLASS","MAJOR","GRADE","STATUS","EMAIL"
""
"CID","TERM","SUBJ","CRSE","SEC","UNITS"
"14084","201106","DEF","427","74","1"
""
"INSTRUCTOR(S)","TYPE","DAYS","TIME","BUILD","ROOM"
"","Discussion","","","",""
""
"SEAT","SID","SURNAME","PREFNAME","LEVEL","UNITS","CLASS","MAJOR","GRADE","STATUS","EMAIL"
